bicodon,referencia,conservacion
AAAAAA,1,1
AAAAAT,1,0
AAAAAC,0,0
AAAAAG,0,0
AAAATA,1,0
AAAATT,0,0
AAAATC,1,0
AAAATG,1,0
AAAACA,1,1
AAAACT,1,0
AAAACC,1,0
AAAACG,0,0
AAAAGA,0,0
AAAAGT,0,0
AAAAGC,0,0
AAAAGG,0,0
AAATAT,0,0
AAATAC,1,1
AAATTA,0,0
AAATTT,0,0
AAATTC,0,0
AAATTG,1,0
AAATCA,0,0
AAATCT,0,0
AAATCC,0,0
AAATCG,0,0
AAATGT,0,0
AAATGC,0,0
AAATGG,0,0
AAACAA,0,0
AAACAT,0,0
AAACAC,0,0
AAACAG,0,0
AAACTA,1,0
AAACTT,0,0
AAACTC,0,0
AAACTG,0,0
AAACCA,0,0
AAACCT,0,0
AAACCC,0,0
AAACCG,0,0
AAACGA,0,0
AAACGT,0,0
AAACGC,0,0
AAACGG,1,0
AAAGAA,0,0
AAAGAT,0,0
AAAGAC,0,0
AAAGAG,0,0
AAAGTA,0,0
AAAGTT,1,0
AAAGTC,1,0
AAAGTG,1,0
AAAGCA,0,0
AAAGCT,0,0
AAAGCC,1,0
AAAGCG,0,0
AAAGGA,1,0
AAAGGT,0,0
AAAGGC,0,0
AAAGGG,0,0
AATAAA,0,0
AATAAT,0,0
AATAAC,0,0
AATAAG,1,0
AATATA,0,0
AATATT,1,0
AATATC,3,0
AATATG,2,0
AATACA,0,0
AATACT,0,0
AATACC,0,0
AATACG,0,0
AATAGA,0,0
AATAGT,0,0
AATAGC,1,0
AATAGG,0,0
AATTAT,1,0
AATTAC,1,0
AATTTA,0,0
AATTTT,0,0
AATTTC,1,1
AATTTG,0,0
AATTCA,0,0
AATTCT,0,0
AATTCC,0,0
AATTCG,1,0
AATTGT,0,0
AATTGC,0,0
AATTGG,1,0
AATCAA,0,0
AATCAT,1,0
AATCAC,0,0
AATCAG,5,0
AATCTA,2,0
AATCTT,1,0
AATCTC,1,0
AATCTG,5,0
AATCCA,0,0
AATCCT,0,0
AATCCC,0,0
AATCCG,2,0
AATCGA,0,0
AATCGT,0,0
AATCGC,3,0
AATCGG,0,0
AATGAA,0,0
AATGAT,0,0
AATGAC,2,0
AATGAG,1,0
AATGTA,0,0
AATGTT,1,0
AATGTC,2,0
AATGTG,3,0
AATGCA,1,0
AATGCT,0,0
AATGCC,2,1
AATGCG,0,0
AATGGA,1,1
AATGGT,0,0
AATGGC,4,0
AATGGG,0,0
AACAAA,0,0
AACAAT,1,0
AACAAC,0,0
AACAAG,3,1
AACATA,0,0
AACATT,2,0
AACATC,0,0
AACATG,1,0
AACACA,0,0
AACACT,0,0
AACACC,1,0
AACACG,0,0
AACAGA,0,0
AACAGT,1,0
AACAGC,0,0
AACAGG,0,0
AACTAT,0,0
AACTAC,3,0
AACTTA,1,0
AACTTT,1,0
AACTTC,1,0
AACTTG,1,0
AACTCA,1,0
AACTCT,0,0
AACTCC,4,0
AACTCG,1,0
AACTGT,0,0
AACTGC,0,0
AACTGG,0,0
AACCAA,0,0
AACCAT,0,0
AACCAC,1,0
AACCAG,1,0
AACCTA,0,0
AACCTT,0,0
AACCTC,0,0
AACCTG,0,0
AACCCA,0,0
AACCCT,0,0
AACCCC,0,0
AACCCG,0,0
AACCGA,0,0
AACCGT,0,0
AACCGC,1,0
AACCGG,0,0
AACGAA,2,0
AACGAT,1,0
AACGAC,0,0
AACGAG,0,0
AACGTA,0,0
AACGTT,0,0
AACGTC,1,0
AACGTG,0,0
AACGCA,0,0
AACGCT,0,0
AACGCC,2,0
AACGCG,0,0
AACGGA,1,0
AACGGT,0,0
AACGGC,1,0
AACGGG,1,0
AAGAAA,2,0
AAGAAT,3,0
AAGAAC,2,0
AAGAAG,1,0
AAGATA,1,0
AAGATT,2,0
AAGATC,4,0
AAGATG,1,0
AAGACA,0,0
AAGACT,1,0
AAGACC,2,0
AAGACG,1,0
AAGAGA,0,0
AAGAGT,0,0
AAGAGC,0,0
AAGAGG,0,0
AAGTAT,0,0
AAGTAC,1,0
AAGTTA,1,0
AAGTTT,3,0
AAGTTC,2,0
AAGTTG,1,0
AAGTCA,0,0
AAGTCT,1,0
AAGTCC,2,0
AAGTCG,1,0
AAGTGT,0,0
AAGTGC,2,0
AAGTGG,1,0
AAGCAA,1,0
AAGCAT,0,0
AAGCAC,5,1
AAGCAG,2,1
AAGCTA,0,0
AAGCTT,0,0
AAGCTC,1,0
AAGCTG,2,0
AAGCCA,1,0
AAGCCT,0,0
AAGCCC,0,0
AAGCCG,6,0
AAGCGA,1,0
AAGCGT,1,0
AAGCGC,3,0
AAGCGG,0,0
AAGGAA,1,0
AAGGAT,2,0
AAGGAC,2,0
AAGGAG,2,0
AAGGTA,0,0
AAGGTT,2,0
AAGGTC,1,0
AAGGTG,3,1
AAGGCA,0,0
AAGGCT,0,0
AAGGCC,3,0
AAGGCG,1,0
AAGGGA,0,0
AAGGGT,1,0
AAGGGC,2,0
AAGGGG,0,0
ATAAAA,0,0
ATAAAT,0,0
ATAAAC,0,0
ATAAAG,1,0
ATAATA,0,0
ATAATT,0,0
ATAATC,1,0
ATAATG,0,0
ATAACA,0,0
ATAACT,0,0
ATAACC,1,0
ATAACG,0,0
ATAAGA,0,0
ATAAGT,0,0
ATAAGC,1,0
ATAAGG,0,0
ATATAT,1,0
ATATAC,1,0
ATATTA,0,0
ATATTT,1,0
ATATTC,0,0
ATATTG,0,0
ATATCA,0,0
ATATCT,0,0
ATATCC,2,0
ATATCG,1,0
ATATGT,0,0
ATATGC,0,0
ATATGG,0,0
ATACAA,0,0
ATACAT,0,0
ATACAC,1,0
ATACAG,0,0
ATACTA,0,0
ATACTT,0,0
ATACTC,1,0
ATACTG,2,0
ATACCA,0,0
ATACCT,0,0
ATACCC,1,0
ATACCG,1,0
ATACGA,0,0
ATACGT,0,0
ATACGC,0,0
ATACGG,0,0
ATAGAA,0,0
ATAGAT,0,0
ATAGAC,0,0
ATAGAG,0,0
ATAGTA,0,0
ATAGTT,0,0
ATAGTC,0,0
ATAGTG,1,0
ATAGCA,0,0
ATAGCT,0,0
ATAGCC,2,0
ATAGCG,1,0
ATAGGA,0,0
ATAGGT,0,0
ATAGGC,0,0
ATAGGG,0,0
ATTAAA,0,0
ATTAAT,0,0
ATTAAC,0,0
ATTAAG,1,0
ATTATA,0,0
ATTATT,0,0
ATTATC,2,0
ATTATG,0,0
ATTACA,0,0
ATTACT,1,0
ATTACC,2,0
ATTACG,1,0
ATTAGA,0,0
ATTAGT,0,0
ATTAGC,0,0
ATTAGG,0,0
ATTTAT,0,0
ATTTAC,1,0
ATTTTA,0,0
ATTTTT,0,0
ATTTTC,0,0
ATTTTG,1,0
ATTTCA,0,0
ATTTCT,0,0
ATTTCC,2,0
ATTTCG,0,0
ATTTGT,0,0
ATTTGC,0,0
ATTTGG,1,0
ATTCAA,0,0
ATTCAT,1,0
ATTCAC,0,0
ATTCAG,1,0
ATTCTA,0,0
ATTCTT,0,0
ATTCTC,0,0
ATTCTG,3,0
ATTCCA,0,0
ATTCCT,0,0
ATTCCC,1,0
ATTCCG,2,0
ATTCGA,0,0
ATTCGT,0,0
ATTCGC,2,0
ATTCGG,0,0
ATTGAA,1,0
ATTGAT,0,0
ATTGAC,0,0
ATTGAG,2,0
ATTGTA,1,0
ATTGTT,1,0
ATTGTC,0,0
ATTGTG,4,1
ATTGCA,1,0
ATTGCT,1,0
ATTGCC,1,0
ATTGCG,1,0
ATTGGA,1,0
ATTGGT,1,0
ATTGGC,0,0
ATTGGG,0,0
ATCAAA,0,0
ATCAAT,2,0
ATCAAC,1,1
ATCAAG,2,0
ATCATA,1,0
ATCATT,1,0
ATCATC,4,1
ATCATG,1,0
ATCACA,0,0
ATCACT,1,0
ATCACC,3,0
ATCACG,2,0
ATCAGA,0,0
ATCAGT,0,0
ATCAGC,2,0
ATCAGG,1,0
ATCTAT,1,0
ATCTAC,1,0
ATCTTA,0,0
ATCTTT,3,0
ATCTTC,2,0
ATCTTG,0,0
ATCTCA,0,0
ATCTCT,0,0
ATCTCC,2,0
ATCTCG,1,0
ATCTGT,1,0
ATCTGC,0,0
ATCTGG,2,1
ATCCAA,0,0
ATCCAT,2,1
ATCCAC,0,0
ATCCAG,2,0
ATCCTA,0,0
ATCCTT,1,0
ATCCTC,0,0
ATCCTG,1,0
ATCCCA,0,0
ATCCCT,0,0
ATCCCC,0,0
ATCCCG,0,0
ATCCGA,0,0
ATCCGT,1,0
ATCCGC,1,0
ATCCGG,0,0
ATCGAA,3,0
ATCGAT,4,0
ATCGAC,3,0
ATCGAG,1,0
ATCGTA,1,0
ATCGTT,3,0
ATCGTC,0,0
ATCGTG,4,0
ATCGCA,1,0
ATCGCT,0,0
ATCGCC,1,0
ATCGCG,0,0
ATCGGA,2,0
ATCGGT,0,0
ATCGGC,2,1
ATCGGG,1,0
ATGAAA,0,0
ATGAAT,0,0
ATGAAC,0,0
ATGAAG,3,1
ATGATA,0,0
ATGATT,0,0
ATGATC,1,0
ATGATG,1,1
ATGACA,3,0
ATGACT,1,0
ATGACC,4,0
ATGACG,1,0
ATGAGA,0,0
ATGAGT,0,0
ATGAGC,1,0
ATGAGG,2,0
ATGTAT,0,0
ATGTAC,1,1
ATGTTA,0,0
ATGTTT,0,0
ATGTTC,0,0
ATGTTG,2,0
ATGTCA,0,0
ATGTCT,0,0
ATGTCC,2,1
ATGTCG,0,0
ATGTGT,1,0
ATGTGC,0,0
ATGTGG,0,0
ATGCAA,0,0
ATGCAT,0,0
ATGCAC,0,0
ATGCAG,1,0
ATGCTA,0,0
ATGCTT,0,0
ATGCTC,1,1
ATGCTG,2,0
ATGCCA,1,0
ATGCCT,0,0
ATGCCC,0,0
ATGCCG,2,0
ATGCGA,0,0
ATGCGT,0,0
ATGCGC,0,0
ATGCGG,0,0
ATGGAA,1,1
ATGGAT,0,0
ATGGAC,1,0
ATGGAG,2,0
ATGGTA,1,0
ATGGTT,1,1
ATGGTC,1,0
ATGGTG,3,0
ATGGCA,0,0
ATGGCT,1,0
ATGGCC,1,1
ATGGCG,0,0
ATGGGA,2,0
ATGGGT,2,1
ATGGGC,1,0
ATGGGG,0,0
ACAAAA,1,0
ACAAAT,2,0
ACAAAC,1,0
ACAAAG,3,0
ACAATA,0,0
ACAATT,0,0
ACAATC,1,0
ACAATG,0,0
ACAACA,0,0
ACAACT,0,0
ACAACC,0,0
ACAACG,1,0
ACAAGA,0,0
ACAAGT,1,0
ACAAGC,0,0
ACAAGG,1,0
ACATAT,0,0
ACATAC,1,0
ACATTA,0,0
ACATTT,0,0
ACATTC,2,0
ACATTG,0,0
ACATCA,0,0
ACATCT,0,0
ACATCC,0,0
ACATCG,2,0
ACATGT,1,0
ACATGC,1,0
ACATGG,0,0
ACACAA,0,0
ACACAT,0,0
ACACAC,0,0
ACACAG,1,0
ACACTA,0,0
ACACTT,0,0
ACACTC,0,0
ACACTG,1,0
ACACCA,0,0
ACACCT,1,0
ACACCC,5,0
ACACCG,0,0
ACACGA,0,0
ACACGT,0,0
ACACGC,0,0
ACACGG,0,0
ACAGAA,1,0
ACAGAT,0,0
ACAGAC,0,0
ACAGAG,1,0
ACAGTA,1,0
ACAGTT,0,0
ACAGTC,1,0
ACAGTG,1,0
ACAGCA,1,0
ACAGCT,1,0
ACAGCC,1,0
ACAGCG,0,0
ACAGGA,0,0
ACAGGT,0,0
ACAGGC,0,0
ACAGGG,0,0
ACTAAA,0,0
ACTAAT,0,0
ACTAAC,0,0
ACTAAG,0,0
ACTATA,0,0
ACTATT,0,0
ACTATC,1,0
ACTATG,0,0
ACTACA,0,0
ACTACT,0,0
ACTACC,0,0
ACTACG,0,0
ACTAGA,0,0
ACTAGT,0,0
ACTAGC,0,0
ACTAGG,1,0
ACTTAT,0,0
ACTTAC,0,0
ACTTTA,1,1
ACTTTT,0,0
ACTTTC,0,0
ACTTTG,1,0
ACTTCA,0,0
ACTTCT,0,0
ACTTCC,0,0
ACTTCG,2,0
ACTTGT,1,0
ACTTGC,1,0
ACTTGG,1,0
ACTCAA,0,0
ACTCAT,0,0
ACTCAC,1,0
ACTCAG,0,0
ACTCTA,0,0
ACTCTT,0,0
ACTCTC,1,0
ACTCTG,1,0
ACTCCA,0,0
ACTCCT,1,0
ACTCCC,0,0
ACTCCG,2,0
ACTCGA,0,0
ACTCGT,1,0
ACTCGC,2,0
ACTCGG,0,0
ACTGAA,0,0
ACTGAT,0,0
ACTGAC,0,0
ACTGAG,0,0
ACTGTA,0,0
ACTGTT,0,0
ACTGTC,0,0
ACTGTG,0,0
ACTGCA,0,0
ACTGCT,0,0
ACTGCC,0,0
ACTGCG,1,0
ACTGGA,0,0
ACTGGT,0,0
ACTGGC,2,0
ACTGGG,0,0
ACCAAA,0,0
ACCAAT,1,0
ACCAAC,1,0
ACCAAG,5,0
ACCATA,2,0
ACCATT,3,0
ACCATC,3,0
ACCATG,3,0
ACCACA,1,0
ACCACT,0,0
ACCACC,3,0
ACCACG,1,0
ACCAGA,0,0
ACCAGT,0,0
ACCAGC,2,0
ACCAGG,0,0
ACCTAT,2,0
ACCTAC,1,0
ACCTTA,0,0
ACCTTT,2,0
ACCTTC,1,0
ACCTTG,1,0
ACCTCA,0,0
ACCTCT,0,0
ACCTCC,2,0
ACCTCG,0,0
ACCTGT,0,0
ACCTGC,0,0
ACCTGG,3,0
ACCCAA,2,0
ACCCAT,1,0
ACCCAC,2,0
ACCCAG,3,0
ACCCTA,0,0
ACCCTT,0,0
ACCCTC,2,0
ACCCTG,1,0
ACCCCA,0,0
ACCCCT,0,0
ACCCCC,1,0
ACCCCG,2,0
ACCCGA,0,0
ACCCGT,0,0
ACCCGC,1,0
ACCCGG,0,0
ACCGAA,0,0
ACCGAT,3,0
ACCGAC,0,0
ACCGAG,2,0
ACCGTA,0,0
ACCGTT,1,0
ACCGTC,1,0
ACCGTG,1,0
ACCGCA,2,1
ACCGCT,0,0
ACCGCC,4,0
ACCGCG,0,0
ACCGGA,0,0
ACCGGT,0,0
ACCGGC,2,1
ACCGGG,0,0
ACGAAA,1,0
ACGAAT,0,0
ACGAAC,0,0
ACGAAG,1,0
ACGATA,0,0
ACGATT,0,0
ACGATC,0,0
ACGATG,1,0
ACGACA,0,0
ACGACT,0,0
ACGACC,2,0
ACGACG,0,0
ACGAGA,0,0
ACGAGT,0,0
ACGAGC,0,0
ACGAGG,0,0
ACGTAT,0,0
ACGTAC,1,0
ACGTTA,0,0
ACGTTT,0,0
ACGTTC,0,0
ACGTTG,0,0
ACGTCA,0,0
ACGTCT,0,0
ACGTCC,0,0
ACGTCG,0,0
ACGTGT,0,0
ACGTGC,0,0
ACGTGG,0,0
ACGCAA,1,0
ACGCAT,1,0
ACGCAC,0,0
ACGCAG,0,0
ACGCTA,0,0
ACGCTT,0,0
ACGCTC,0,0
ACGCTG,2,0
ACGCCA,3,0
ACGCCT,0,0
ACGCCC,3,1
ACGCCG,1,0
ACGCGA,1,0
ACGCGT,0,0
ACGCGC,1,0
ACGCGG,0,0
ACGGAA,2,0
ACGGAT,1,0
ACGGAC,0,0
ACGGAG,6,0
ACGGTA,0,0
ACGGTT,0,0
ACGGTC,3,0
ACGGTG,3,0
ACGGCA,1,0
ACGGCT,0,0
ACGGCC,1,0
ACGGCG,0,0
ACGGGA,0,0
ACGGGT,0,0
ACGGGC,0,0
ACGGGG,0,0
AGAAAA,0,0
AGAAAT,0,0
AGAAAC,0,0
AGAAAG,0,0
AGAATA,0,0
AGAATT,0,0
AGAATC,0,0
AGAATG,0,0
AGAACA,0,0
AGAACT,0,0
AGAACC,0,0
AGAACG,0,0
AGAAGA,0,0
AGAAGT,0,0
AGAAGC,0,0
AGAAGG,0,0
AGATAT,0,0
AGATAC,0,0
AGATTA,0,0
AGATTT,0,0
AGATTC,0,0
AGATTG,0,0
AGATCA,0,0
AGATCT,0,0
AGATCC,0,0
AGATCG,0,0
AGATGT,0,0
AGATGC,0,0
AGATGG,0,0
AGACAA,0,0
AGACAT,0,0
AGACAC,0,0
AGACAG,0,0
AGACTA,0,0
AGACTT,0,0
AGACTC,0,0
AGACTG,0,0
AGACCA,0,0
AGACCT,0,0
AGACCC,0,0
AGACCG,0,0
AGACGA,0,0
AGACGT,0,0
AGACGC,0,0
AGACGG,0,0
AGAGAA,0,0
AGAGAT,0,0
AGAGAC,0,0
AGAGAG,0,0
AGAGTA,0,0
AGAGTT,0,0
AGAGTC,0,0
AGAGTG,0,0
AGAGCA,0,0
AGAGCT,0,0
AGAGCC,0,0
AGAGCG,0,0
AGAGGA,0,0
AGAGGT,0,0
AGAGGC,0,0
AGAGGG,0,0
AGTAAA,0,0
AGTAAT,0,0
AGTAAC,0,0
AGTAAG,0,0
AGTATA,0,0
AGTATT,0,0
AGTATC,0,0
AGTATG,0,0
AGTACA,0,0
AGTACT,0,0
AGTACC,0,0
AGTACG,0,0
AGTAGA,0,0
AGTAGT,0,0
AGTAGC,0,0
AGTAGG,0,0
AGTTAT,0,0
AGTTAC,0,0
AGTTTA,0,0
AGTTTT,0,0
AGTTTC,0,0
AGTTTG,0,0
AGTTCA,0,0
AGTTCT,0,0
AGTTCC,0,0
AGTTCG,0,0
AGTTGT,0,0
AGTTGC,0,0
AGTTGG,1,0
AGTCAA,0,0
AGTCAT,0,0
AGTCAC,0,0
AGTCAG,0,0
AGTCTA,0,0
AGTCTT,0,0
AGTCTC,0,0
AGTCTG,1,0
AGTCCA,0,0
AGTCCT,0,0
AGTCCC,2,0
AGTCCG,1,0
AGTCGA,0,0
AGTCGT,1,0
AGTCGC,2,0
AGTCGG,0,0
AGTGAA,1,0
AGTGAT,0,0
AGTGAC,0,0
AGTGAG,0,0
AGTGTA,0,0
AGTGTT,0,0
AGTGTC,0,0
AGTGTG,0,0
AGTGCA,1,0
AGTGCT,1,0
AGTGCC,1,0
AGTGCG,0,0
AGTGGA,0,0
AGTGGT,0,0
AGTGGC,0,0
AGTGGG,0,0
AGCAAA,0,0
AGCAAT,3,1
AGCAAC,0,0
AGCAAG,0,0
AGCATA,0,0
AGCATT,2,0
AGCATC,2,0
AGCATG,0,0
AGCACA,0,0
AGCACT,0,0
AGCACC,1,0
AGCACG,0,0
AGCAGA,0,0
AGCAGT,0,0
AGCAGC,0,0
AGCAGG,0,0
AGCTAT,0,0
AGCTAC,0,0
AGCTTA,0,0
AGCTTT,0,0
AGCTTC,3,0
AGCTTG,0,0
AGCTCA,0,0
AGCTCT,0,0
AGCTCC,0,0
AGCTCG,2,0
AGCTGT,0,0
AGCTGC,0,0
AGCTGG,2,0
AGCCAA,0,0
AGCCAT,0,0
AGCCAC,0,0
AGCCAG,0,0
AGCCTA,0,0
AGCCTT,0,0
AGCCTC,0,0
AGCCTG,0,0
AGCCCA,0,0
AGCCCT,0,0
AGCCCC,0,0
AGCCCG,0,0
AGCCGA,0,0
AGCCGT,0,0
AGCCGC,0,0
AGCCGG,0,0
AGCGAA,1,0
AGCGAT,1,0
AGCGAC,2,0
AGCGAG,3,0
AGCGTA,0,0
AGCGTT,0,0
AGCGTC,0,0
AGCGTG,0,0
AGCGCA,0,0
AGCGCT,0,0
AGCGCC,1,0
AGCGCG,0,0
AGCGGA,0,0
AGCGGT,0,0
AGCGGC,1,0
AGCGGG,0,0
AGGAAA,0,0
AGGAAT,1,0
AGGAAC,0,0
AGGAAG,1,0
AGGATA,0,0
AGGATT,0,0
AGGATC,0,0
AGGATG,0,0
AGGACA,0,0
AGGACT,0,0
AGGACC,0,0
AGGACG,0,0
AGGAGA,0,0
AGGAGT,0,0
AGGAGC,0,0
AGGAGG,0,0
AGGTAT,0,0
AGGTAC,0,0
AGGTTA,0,0
AGGTTT,0,0
AGGTTC,1,0
AGGTTG,0,0
AGGTCA,0,0
AGGTCT,0,0
AGGTCC,0,0
AGGTCG,1,0
AGGTGT,0,0
AGGTGC,0,0
AGGTGG,0,0
AGGCAA,0,0
AGGCAT,0,0
AGGCAC,0,0
AGGCAG,0,0
AGGCTA,0,0
AGGCTT,0,0
AGGCTC,0,0
AGGCTG,0,0
AGGCCA,1,0
AGGCCT,0,0
AGGCCC,0,0
AGGCCG,0,0
AGGCGA,0,0
AGGCGT,0,0
AGGCGC,1,0
AGGCGG,0,0
AGGGAA,2,0
AGGGAT,0,0
AGGGAC,0,0
AGGGAG,1,0
AGGGTA,0,0
AGGGTT,0,0
AGGGTC,0,0
AGGGTG,0,0
AGGGCA,0,0
AGGGCT,1,0
AGGGCC,0,0
AGGGCG,0,0
AGGGGA,0,0
AGGGGT,0,0
AGGGGC,0,0
AGGGGG,0,0
TATAAA,0,0
TATAAT,0,0
TATAAC,0,0
TATAAG,2,1
TATATA,0,0
TATATT,0,0
TATATC,2,0
TATATG,0,0
TATACA,1,0
TATACT,0,0
TATACC,1,0
TATACG,1,0
TATAGA,0,0
TATAGT,0,0
TATAGC,0,0
TATAGG,0,0
TATTAT,2,1
TATTAC,1,0
TATTTA,0,0
TATTTT,0,0
TATTTC,0,0
TATTTG,1,0
TATTCA,0,0
TATTCT,0,0
TATTCC,1,0
TATTCG,0,0
TATTGT,1,0
TATTGC,0,0
TATTGG,1,0
TATCAA,0,0
TATCAT,2,0
TATCAC,0,0
TATCAG,1,1
TATCTA,0,0
TATCTT,0,0
TATCTC,0,0
TATCTG,0,0
TATCCA,0,0
TATCCT,0,0
TATCCC,0,0
TATCCG,0,0
TATCGA,1,0
TATCGT,1,0
TATCGC,1,0
TATCGG,1,0
TATGAA,1,1
TATGAT,1,0
TATGAC,0,0
TATGAG,0,0
TATGTA,0,0
TATGTT,0,0
TATGTC,2,0
TATGTG,3,2
TATGCA,1,0
TATGCT,0,0
TATGCC,1,0
TATGCG,0,0
TATGGA,1,0
TATGGT,1,0
TATGGC,1,0
TATGGG,1,0
TACAAA,0,0
TACAAT,1,0
TACAAC,1,0
TACAAG,6,0
TACATA,0,0
TACATT,1,0
TACATC,4,0
TACATG,1,0
TACACA,1,0
TACACT,1,0
TACACC,2,0
TACACG,4,0
TACAGA,0,0
TACAGT,0,0
TACAGC,1,0
TACAGG,0,0
TACTAT,2,2
TACTAC,2,0
TACTTA,0,0
TACTTT,0,0
TACTTC,0,0
TACTTG,1,0
TACTCA,0,0
TACTCT,1,0
TACTCC,1,0
TACTCG,0,0
TACTGT,1,0
TACTGC,0,0
TACTGG,3,0
TACCAA,0,0
TACCAT,0,0
TACCAC,1,0
TACCAG,0,0
TACCTA,0,0
TACCTT,0,0
TACCTC,0,0
TACCTG,1,0
TACCCA,0,0
TACCCT,0,0
TACCCC,1,0
TACCCG,0,0
TACCGA,0,0
TACCGT,1,0
TACCGC,1,0
TACCGG,1,0
TACGAA,2,0
TACGAT,1,0
TACGAC,0,0
TACGAG,6,0
TACGTA,0,0
TACGTT,0,0
TACGTC,0,0
TACGTG,3,0
TACGCA,0,0
TACGCT,0,0
TACGCC,1,0
TACGCG,0,0
TACGGA,0,0
TACGGT,0,0
TACGGC,1,0
TACGGG,0,0
TTAAAA,0,0
TTAAAT,1,0
TTAAAC,0,0
TTAAAG,0,0
TTAATA,0,0
TTAATT,0,0
TTAATC,1,0
TTAATG,0,0
TTAACA,0,0
TTAACT,0,0
TTAACC,1,1
TTAACG,0,0
TTAAGA,0,0
TTAAGT,0,0
TTAAGC,0,0
TTAAGG,0,0
TTATAT,1,0
TTATAC,0,0
TTATTA,0,0
TTATTT,0,0
TTATTC,0,0
TTATTG,0,0
TTATCA,0,0
TTATCT,0,0
TTATCC,0,0
TTATCG,0,0
TTATGT,0,0
TTATGC,0,0
TTATGG,0,0
TTACAA,0,0
TTACAT,0,0
TTACAC,0,0
TTACAG,0,0
TTACTA,0,0
TTACTT,0,0
TTACTC,0,0
TTACTG,0,0
TTACCA,0,0
TTACCT,0,0
TTACCC,0,0
TTACCG,0,0
TTACGA,0,0
TTACGT,0,0
TTACGC,0,0
TTACGG,1,0
TTAGAA,0,0
TTAGAT,0,0
TTAGAC,0,0
TTAGAG,0,0
TTAGTA,0,0
TTAGTT,0,0
TTAGTC,0,0
TTAGTG,0,0
TTAGCA,0,0
TTAGCT,0,0
TTAGCC,0,0
TTAGCG,0,0
TTAGGA,0,0
TTAGGT,0,0
TTAGGC,0,0
TTAGGG,0,0
TTTAAA,0,0
TTTAAT,0,0
TTTAAC,1,0
TTTAAG,1,0
TTTATA,0,0
TTTATT,0,0
TTTATC,1,0
TTTATG,0,0
TTTACA,1,0
TTTACT,0,0
TTTACC,1,0
TTTACG,0,0
TTTAGA,0,0
TTTAGT,0,0
TTTAGC,0,0
TTTAGG,0,0
TTTTAT,0,0
TTTTAC,1,0
TTTTTA,0,0
TTTTTT,0,0
TTTTTC,0,0
TTTTTG,1,0
TTTTCA,0,0
TTTTCT,0,0
TTTTCC,1,0
TTTTCG,1,0
TTTTGT,0,0
TTTTGC,0,0
TTTTGG,1,1
TTTCAA,0,0
TTTCAT,0,0
TTTCAC,1,0
TTTCAG,1,0
TTTCTA,0,0
TTTCTT,0,0
TTTCTC,0,0
TTTCTG,0,0
TTTCCA,0,0
TTTCCT,0,0
TTTCCC,0,0
TTTCCG,1,1
TTTCGA,0,0
TTTCGT,1,0
TTTCGC,0,0
TTTCGG,0,0
TTTGAA,0,0
TTTGAT,2,0
TTTGAC,0,0
TTTGAG,0,0
TTTGTA,0,0
TTTGTT,1,0
TTTGTC,1,0
TTTGTG,2,1
TTTGCA,0,0
TTTGCT,0,0
TTTGCC,2,0
TTTGCG,0,0
TTTGGA,0,0
TTTGGT,0,0
TTTGGC,1,0
TTTGGG,0,0
TTCAAA,0,0
TTCAAT,1,0
TTCAAC,0,0
TTCAAG,3,0
TTCATA,0,0
TTCATT,2,0
TTCATC,4,0
TTCATG,0,0
TTCACA,3,0
TTCACT,0,0
TTCACC,1,0
TTCACG,0,0
TTCAGA,0,0
TTCAGT,0,0
TTCAGC,2,0
TTCAGG,0,0
TTCTAT,1,0
TTCTAC,2,0
TTCTTA,0,0
TTCTTT,0,0
TTCTTC,1,0
TTCTTG,1,0
TTCTCA,1,0
TTCTCT,1,0
TTCTCC,1,1
TTCTCG,0,0
TTCTGT,0,0
TTCTGC,1,0
TTCTGG,1,0
TTCCAA,1,0
TTCCAT,0,0
TTCCAC,1,0
TTCCAG,5,0
TTCCTA,1,0
TTCCTT,2,0
TTCCTC,0,0
TTCCTG,1,0
TTCCCA,0,0
TTCCCT,0,0
TTCCCC,0,0
TTCCCG,1,0
TTCCGA,0,0
TTCCGT,0,0
TTCCGC,0,0
TTCCGG,2,1
TTCGAA,0,0
TTCGAT,1,0
TTCGAC,1,0
TTCGAG,0,0
TTCGTA,1,0
TTCGTT,0,0
TTCGTC,0,0
TTCGTG,1,0
TTCGCA,0,0
TTCGCT,0,0
TTCGCC,0,0
TTCGCG,0,0
TTCGGA,0,0
TTCGGT,1,0
TTCGGC,0,0
TTCGGG,0,0
TTGAAA,0,0
TTGAAT,0,0
TTGAAC,3,0
TTGAAG,0,0
TTGATA,0,0
TTGATT,0,0
TTGATC,1,0
TTGATG,0,0
TTGACA,0,0
TTGACT,0,0
TTGACC,0,0
TTGACG,0,0
TTGAGA,0,0
TTGAGT,1,0
TTGAGC,0,0
TTGAGG,0,0
TTGTAT,0,0
TTGTAC,0,0
TTGTTA,0,0
TTGTTT,0,0
TTGTTC,0,0
TTGTTG,0,0
TTGTCA,0,0
TTGTCT,0,0
TTGTCC,1,0
TTGTCG,0,0
TTGTGT,0,0
TTGTGC,1,0
TTGTGG,0,0
TTGCAA,1,0
TTGCAT,0,0
TTGCAC,0,0
TTGCAG,2,0
TTGCTA,0,0
TTGCTT,0,0
TTGCTC,1,0
TTGCTG,1,0
TTGCCA,1,0
TTGCCT,0,0
TTGCCC,0,0
TTGCCG,1,0
TTGCGA,0,0
TTGCGT,1,0
TTGCGC,2,0
TTGCGG,0,0
TTGGAA,2,0
TTGGAT,0,0
TTGGAC,0,0
TTGGAG,2,0
TTGGTA,0,0
TTGGTT,0,0
TTGGTC,0,0
TTGGTG,1,0
TTGGCA,0,0
TTGGCT,0,0
TTGGCC,0,0
TTGGCG,0,0
TTGGGA,2,0
TTGGGT,0,0
TTGGGC,2,0
TTGGGG,0,0
TCAAAA,0,0
TCAAAT,0,0
TCAAAC,0,0
TCAAAG,0,0
TCAATA,0,0
TCAATT,0,0
TCAATC,0,0
TCAATG,2,0
TCAACA,0,0
TCAACT,0,0
TCAACC,0,0
TCAACG,0,0
TCAAGA,0,0
TCAAGT,1,0
TCAAGC,0,0
TCAAGG,0,0
TCATAT,0,0
TCATAC,0,0
TCATTA,0,0
TCATTT,0,0
TCATTC,2,0
TCATTG,0,0
TCATCA,0,0
TCATCT,0,0
TCATCC,0,0
TCATCG,1,0
TCATGT,0,0
TCATGC,0,0
TCATGG,0,0
TCACAA,0,0
TCACAT,0,0
TCACAC,0,0
TCACAG,0,0
TCACTA,0,0
TCACTT,0,0
TCACTC,0,0
TCACTG,0,0
TCACCA,0,0
TCACCT,0,0
TCACCC,1,0
TCACCG,0,0
TCACGA,0,0
TCACGT,0,0
TCACGC,1,0
TCACGG,0,0
TCAGAA,0,0
TCAGAT,1,0
TCAGAC,0,0
TCAGAG,0,0
TCAGTA,0,0
TCAGTT,0,0
TCAGTC,0,0
TCAGTG,0,0
TCAGCA,0,0
TCAGCT,0,0
TCAGCC,0,0
TCAGCG,0,0
TCAGGA,1,0
TCAGGT,0,0
TCAGGC,0,0
TCAGGG,0,0
TCTAAA,0,0
TCTAAT,1,0
TCTAAC,2,0
TCTAAG,1,0
TCTATA,0,0
TCTATT,0,0
TCTATC,0,0
TCTATG,0,0
TCTACA,0,0
TCTACT,0,0
TCTACC,0,0
TCTACG,0,0
TCTAGA,0,0
TCTAGT,0,0
TCTAGC,0,0
TCTAGG,0,0
TCTTAT,0,0
TCTTAC,0,0
TCTTTA,0,0
TCTTTT,0,0
TCTTTC,0,0
TCTTTG,0,0
TCTTCA,0,0
TCTTCT,0,0
TCTTCC,0,0
TCTTCG,0,0
TCTTGT,0,0
TCTTGC,0,0
TCTTGG,0,0
TCTCAA,0,0
TCTCAT,0,0
TCTCAC,0,0
TCTCAG,0,0
TCTCTA,0,0
TCTCTT,0,0
TCTCTC,1,0
TCTCTG,1,0
TCTCCA,0,0
TCTCCT,0,0
TCTCCC,0,0
TCTCCG,0,0
TCTCGA,0,0
TCTCGT,0,0
TCTCGC,0,0
TCTCGG,0,0
TCTGAA,0,0
TCTGAT,0,0
TCTGAC,0,0
TCTGAG,1,0
TCTGTA,0,0
TCTGTT,0,0
TCTGTC,0,0
TCTGTG,0,0
TCTGCA,0,0
TCTGCT,0,0
TCTGCC,0,0
TCTGCG,1,0
TCTGGA,0,0
TCTGGT,0,0
TCTGGC,1,0
TCTGGG,0,0
TCCAAA,0,0
TCCAAT,3,0
TCCAAC,1,0
TCCAAG,1,0
TCCATA,1,0
TCCATT,2,0
TCCATC,1,0
TCCATG,0,0
TCCACA,1,0
TCCACT,2,0
TCCACC,2,0
TCCACG,2,0
TCCAGA,0,0
TCCAGT,1,0
TCCAGC,1,0
TCCAGG,0,0
TCCTAT,0,0
TCCTAC,1,0
TCCTTA,0,0
TCCTTT,0,0
TCCTTC,0,0
TCCTTG,1,0
TCCTCA,0,0
TCCTCT,0,0
TCCTCC,0,0
TCCTCG,0,0
TCCTGT,0,0
TCCTGC,1,0
TCCTGG,0,0
TCCCAA,0,0
TCCCAT,1,0
TCCCAC,0,0
TCCCAG,3,0
TCCCTA,0,0
TCCCTT,0,0
TCCCTC,1,0
TCCCTG,1,0
TCCCCA,0,0
TCCCCT,0,0
TCCCCC,0,0
TCCCCG,0,0
TCCCGA,0,0
TCCCGT,0,0
TCCCGC,1,0
TCCCGG,0,0
TCCGAA,1,0
TCCGAT,0,0
TCCGAC,0,0
TCCGAG,3,0
TCCGTA,1,0
TCCGTT,1,0
TCCGTC,1,0
TCCGTG,0,0
TCCGCA,2,0
TCCGCT,1,0
TCCGCC,0,0
TCCGCG,0,0
TCCGGA,1,0
TCCGGT,0,0
TCCGGC,0,0
TCCGGG,0,0
TCGAAA,0,0
TCGAAT,1,0
TCGAAC,1,0
TCGAAG,1,0
TCGATA,1,0
TCGATT,0,0
TCGATC,1,0
TCGATG,2,0
TCGACA,0,0
TCGACT,0,0
TCGACC,0,0
TCGACG,1,0
TCGAGA,0,0
TCGAGT,0,0
TCGAGC,0,0
TCGAGG,0,0
TCGTAT,0,0
TCGTAC,1,0
TCGTTA,0,0
TCGTTT,0,0
TCGTTC,0,0
TCGTTG,0,0
TCGTCA,0,0
TCGTCT,0,0
TCGTCC,2,0
TCGTCG,0,0
TCGTGT,0,0
TCGTGC,0,0
TCGTGG,1,0
TCGCAA,2,0
TCGCAT,1,0
TCGCAC,1,1
TCGCAG,2,0
TCGCTA,0,0
TCGCTT,0,0
TCGCTC,0,0
TCGCTG,1,0
TCGCCA,1,0
TCGCCT,0,0
TCGCCC,0,0
TCGCCG,0,0
TCGCGA,0,0
TCGCGT,1,0
TCGCGC,1,0
TCGCGG,0,0
TCGGAA,0,0
TCGGAT,1,0
TCGGAC,0,0
TCGGAG,4,0
TCGGTA,0,0
TCGGTT,0,0
TCGGTC,0,0
TCGGTG,3,0
TCGGCA,1,0
TCGGCT,0,0
TCGGCC,0,0
TCGGCG,1,0
TCGGGA,1,0
TCGGGT,1,0
TCGGGC,2,0
TCGGGG,0,0
TGTAAA,0,0
TGTAAT,0,0
TGTAAC,0,0
TGTAAG,0,0
TGTATA,0,0
TGTATT,0,0
TGTATC,0,0
TGTATG,0,0
TGTACA,0,0
TGTACT,0,0
TGTACC,1,0
TGTACG,0,0
TGTAGA,0,0
TGTAGT,0,0
TGTAGC,0,0
TGTAGG,0,0
TGTTAT,1,0
TGTTAC,0,0
TGTTTA,1,0
TGTTTT,0,0
TGTTTC,0,0
TGTTTG,0,0
TGTTCA,0,0
TGTTCT,0,0
TGTTCC,0,0
TGTTCG,1,0
TGTTGT,0,0
TGTTGC,0,0
TGTTGG,1,0
TGTCAA,0,0
TGTCAT,0,0
TGTCAC,0,0
TGTCAG,0,0
TGTCTA,0,0
TGTCTT,0,0
TGTCTC,0,0
TGTCTG,0,0
TGTCCA,0,0
TGTCCT,0,0
TGTCCC,0,0
TGTCCG,0,0
TGTCGA,0,0
TGTCGT,0,0
TGTCGC,1,0
TGTCGG,0,0
TGTGAA,0,0
TGTGAT,0,0
TGTGAC,1,0
TGTGAG,0,0
TGTGTA,0,0
TGTGTT,0,0
TGTGTC,0,0
TGTGTG,3,0
TGTGCA,0,0
TGTGCT,0,0
TGTGCC,0,0
TGTGCG,1,0
TGTGGA,0,0
TGTGGT,0,0
TGTGGC,0,0
TGTGGG,1,0
TGCAAA,1,0
TGCAAT,0,0
TGCAAC,1,0
TGCAAG,1,0
TGCATA,1,0
TGCATT,1,0
TGCATC,0,0
TGCATG,0,0
TGCACA,0,0
TGCACT,0,0
TGCACC,0,0
TGCACG,0,0
TGCAGA,0,0
TGCAGT,0,0
TGCAGC,0,0
TGCAGG,0,0
TGCTAT,1,0
TGCTAC,0,0
TGCTTA,0,0
TGCTTT,0,0
TGCTTC,1,0
TGCTTG,0,0
TGCTCA,0,0
TGCTCT,1,0
TGCTCC,0,0
TGCTCG,0,0
TGCTGT,0,0
TGCTGC,0,0
TGCTGG,0,0
TGCCAA,0,0
TGCCAT,0,0
TGCCAC,0,0
TGCCAG,0,0
TGCCTA,0,0
TGCCTT,0,0
TGCCTC,0,0
TGCCTG,0,0
TGCCCA,0,0
TGCCCT,0,0
TGCCCC,0,0
TGCCCG,0,0
TGCCGA,0,0
TGCCGT,0,0
TGCCGC,0,0
TGCCGG,1,0
TGCGAA,0,0
TGCGAT,1,0
TGCGAC,0,0
TGCGAG,0,0
TGCGTA,0,0
TGCGTT,0,0
TGCGTC,0,0
TGCGTG,1,0
TGCGCA,0,0
TGCGCT,0,0
TGCGCC,0,0
TGCGCG,0,0
TGCGGA,0,0
TGCGGT,0,0
TGCGGC,0,0
TGCGGG,0,0
TGGAAA,0,0
TGGAAT,1,0
TGGAAC,1,0
TGGAAG,1,0
TGGATA,0,0
TGGATT,1,0
TGGATC,0,0
TGGATG,1,0
TGGACA,1,0
TGGACT,1,0
TGGACC,1,0
TGGACG,0,0
TGGAGA,0,0
TGGAGT,0,0
TGGAGC,0,0
TGGAGG,0,0
TGGTAT,0,0
TGGTAC,0,0
TGGTTA,0,0
TGGTTT,0,0
TGGTTC,0,0
TGGTTG,0,0
TGGTCA,0,0
TGGTCT,0,0
TGGTCC,0,0
TGGTCG,2,0
TGGTGT,0,0
TGGTGC,0,0
TGGTGG,1,1
TGGCAA,1,0
TGGCAT,0,0
TGGCAC,0,0
TGGCAG,0,0
TGGCTA,0,0
TGGCTT,0,0
TGGCTC,0,0
TGGCTG,2,0
TGGCCA,1,0
TGGCCT,1,0
TGGCCC,2,1
TGGCCG,1,0
TGGCGA,0,0
TGGCGT,0,0
TGGCGC,3,3
TGGCGG,0,0
TGGGAA,3,0
TGGGAT,1,0
TGGGAC,1,0
TGGGAG,2,2
TGGGTA,0,0
TGGGTT,0,0
TGGGTC,0,0
TGGGTG,2,0
TGGGCA,0,0
TGGGCT,0,0
TGGGCC,0,0
TGGGCG,0,0
TGGGGA,0,0
TGGGGT,0,0
TGGGGC,1,0
TGGGGG,0,0
CAAAAA,0,0
CAAAAT,0,0
CAAAAC,0,0
CAAAAG,0,0
CAAATA,0,0
CAAATT,0,0
CAAATC,3,0
CAAATG,1,0
CAAACA,0,0
CAAACT,2,0
CAAACC,1,0
CAAACG,1,0
CAAAGA,0,0
CAAAGT,0,0
CAAAGC,0,0
CAAAGG,0,0
CAATAT,3,0
CAATAC,1,0
CAATTA,0,0
CAATTT,0,0
CAATTC,0,0
CAATTG,0,0
CAATCA,0,0
CAATCT,1,0
CAATCC,0,0
CAATCG,0,0
CAATGT,0,0
CAATGC,0,0
CAATGG,1,0
CAACAA,0,0
CAACAT,0,0
CAACAC,0,0
CAACAG,1,0
CAACTA,0,0
CAACTT,0,0
CAACTC,0,0
CAACTG,0,0
CAACCA,0,0
CAACCT,0,0
CAACCC,0,0
CAACCG,1,1
CAACGA,0,0
CAACGT,1,0
CAACGC,0,0
CAACGG,1,0
CAAGAA,0,0
CAAGAT,1,0
CAAGAC,0,0
CAAGAG,2,0
CAAGTA,0,0
CAAGTT,0,0
CAAGTC,0,0
CAAGTG,2,2
CAAGCA,1,0
CAAGCT,0,0
CAAGCC,0,0
CAAGCG,0,0
CAAGGA,0,0
CAAGGT,2,1
CAAGGC,0,0
CAAGGG,0,0
CATAAA,0,0
CATAAT,0,0
CATAAC,2,0
CATAAG,0,0
CATATA,1,0
CATATT,1,0
CATATC,0,0
CATATG,0,0
CATACA,0,0
CATACT,0,0
CATACC,0,0
CATACG,0,0
CATAGA,0,0
CATAGT,0,0
CATAGC,0,0
CATAGG,0,0
CATTAT,0,0
CATTAC,0,0
CATTTA,0,0
CATTTT,0,0
CATTTC,0,0
CATTTG,0,0
CATTCA,1,0
CATTCT,0,0
CATTCC,1,1
CATTCG,1,0
CATTGT,0,0
CATTGC,0,0
CATTGG,0,0
CATCAA,0,0
CATCAT,0,0
CATCAC,1,0
CATCAG,0,0
CATCTA,0,0
CATCTT,0,0
CATCTC,0,0
CATCTG,0,0
CATCCA,0,0
CATCCT,0,0
CATCCC,1,0
CATCCG,3,0
CATCGA,0,0
CATCGT,0,0
CATCGC,0,0
CATCGG,0,0
CATGAA,0,0
CATGAT,0,0
CATGAC,1,0
CATGAG,1,0
CATGTA,0,0
CATGTT,1,0
CATGTC,2,0
CATGTG,0,0
CATGCA,0,0
CATGCT,0,0
CATGCC,0,0
CATGCG,0,0
CATGGA,2,0
CATGGT,0,0
CATGGC,1,0
CATGGG,0,0
CACAAA,0,0
CACAAT,1,0
CACAAC,1,0
CACAAG,5,1
CACATA,0,0
CACATT,1,0
CACATC,1,0
CACATG,0,0
CACACA,0,0
CACACT,1,0
CACACC,1,0
CACACG,1,0
CACAGA,0,0
CACAGT,0,0
CACAGC,0,0
CACAGG,0,0
CACTAT,2,0
CACTAC,1,0
CACTTA,0,0
CACTTT,0,0
CACTTC,1,0
CACTTG,0,0
CACTCA,0,0
CACTCT,0,0
CACTCC,0,0
CACTCG,1,0
CACTGT,1,0
CACTGC,1,0
CACTGG,0,0
CACCAA,0,0
CACCAT,0,0
CACCAC,0,0
CACCAG,0,0
CACCTA,1,0
CACCTT,0,0
CACCTC,1,0
CACCTG,1,0
CACCCA,0,0
CACCCT,0,0
CACCCC,1,0
CACCCG,0,0
CACCGA,1,0
CACCGT,0,0
CACCGC,0,0
CACCGG,1,0
CACGAA,0,0
CACGAT,1,0
CACGAC,0,0
CACGAG,1,0
CACGTA,0,0
CACGTT,0,0
CACGTC,0,0
CACGTG,0,0
CACGCA,0,0
CACGCT,0,0
CACGCC,2,0
CACGCG,0,0
CACGGA,0,0
CACGGT,0,0
CACGGC,0,0
CACGGG,0,0
CAGAAA,1,0
CAGAAT,1,0
CAGAAC,0,0
CAGAAG,2,0
CAGATA,0,0
CAGATT,0,0
CAGATC,2,0
CAGATG,3,0
CAGACA,4,0
CAGACT,0,0
CAGACC,2,0
CAGACG,1,0
CAGAGA,0,0
CAGAGT,0,0
CAGAGC,0,0
CAGAGG,0,0
CAGTAT,3,1
CAGTAC,4,0
CAGTTA,0,0
CAGTTT,2,0
CAGTTC,6,0
CAGTTG,2,0
CAGTCA,0,0
CAGTCT,0,0
CAGTCC,0,0
CAGTCG,1,0
CAGTGT,0,0
CAGTGC,0,0
CAGTGG,0,0
CAGCAA,1,1
CAGCAT,0,0
CAGCAC,0,0
CAGCAG,0,0
CAGCTA,0,0
CAGCTT,0,0
CAGCTC,0,0
CAGCTG,2,0
CAGCCA,1,0
CAGCCT,0,0
CAGCCC,1,0
CAGCCG,3,0
CAGCGA,0,0
CAGCGT,2,0
CAGCGC,0,0
CAGCGG,0,0
CAGGAA,2,0
CAGGAT,2,0
CAGGAC,0,0
CAGGAG,3,0
CAGGTA,0,0
CAGGTT,0,0
CAGGTC,0,0
CAGGTG,3,0
CAGGCA,2,0
CAGGCT,1,0
CAGGCC,3,1
CAGGCG,0,0
CAGGGA,3,0
CAGGGT,3,0
CAGGGC,2,0
CAGGGG,0,0
CTAAAA,0,0
CTAAAT,0,0
CTAAAC,0,0
CTAAAG,0,0
CTAATA,0,0
CTAATT,0,0
CTAATC,0,0
CTAATG,0,0
CTAACA,0,0
CTAACT,1,0
CTAACC,1,0
CTAACG,0,0
CTAAGA,0,0
CTAAGT,0,0
CTAAGC,0,0
CTAAGG,0,0
CTATAT,0,0
CTATAC,0,0
CTATTA,0,0
CTATTT,0,0
CTATTC,0,0
CTATTG,1,0
CTATCA,0,0
CTATCT,0,0
CTATCC,1,0
CTATCG,1,0
CTATGT,0,0
CTATGC,0,0
CTATGG,0,0
CTACAA,0,0
CTACAT,0,0
CTACAC,1,0
CTACAG,1,0
CTACTA,1,0
CTACTT,0,0
CTACTC,0,0
CTACTG,0,0
CTACCA,0,0
CTACCT,0,0
CTACCC,0,0
CTACCG,0,0
CTACGA,0,0
CTACGT,0,0
CTACGC,0,0
CTACGG,0,0
CTAGAA,1,0
CTAGAT,0,0
CTAGAC,0,0
CTAGAG,0,0
CTAGTA,0,0
CTAGTT,0,0
CTAGTC,0,0
CTAGTG,1,0
CTAGCA,0,0
CTAGCT,0,0
CTAGCC,0,0
CTAGCG,0,0
CTAGGA,0,0
CTAGGT,0,0
CTAGGC,0,0
CTAGGG,0,0
CTTAAA,0,0
CTTAAT,0,0
CTTAAC,0,0
CTTAAG,1,0
CTTATA,0,0
CTTATT,0,0
CTTATC,0,0
CTTATG,0,0
CTTACA,1,0
CTTACT,0,0
CTTACC,1,0
CTTACG,1,0
CTTAGA,0,0
CTTAGT,1,0
CTTAGC,0,0
CTTAGG,0,0
CTTTAT,0,0
CTTTAC,0,0
CTTTTA,0,0
CTTTTT,0,0
CTTTTC,0,0
CTTTTG,0,0
CTTTCA,0,0
CTTTCT,0,0
CTTTCC,0,0
CTTTCG,0,0
CTTTGT,0,0
CTTTGC,0,0
CTTTGG,0,0
CTTCAA,0,0
CTTCAT,0,0
CTTCAC,0,0
CTTCAG,1,0
CTTCTA,0,0
CTTCTT,0,0
CTTCTC,0,0
CTTCTG,0,0
CTTCCA,0,0
CTTCCT,0,0
CTTCCC,0,0
CTTCCG,0,0
CTTCGA,1,0
CTTCGT,0,0
CTTCGC,1,0
CTTCGG,0,0
CTTGAA,0,0
CTTGAT,0,0
CTTGAC,0,0
CTTGAG,0,0
CTTGTA,0,0
CTTGTT,1,0
CTTGTC,0,0
CTTGTG,0,0
CTTGCA,0,0
CTTGCT,0,0
CTTGCC,0,0
CTTGCG,0,0
CTTGGA,0,0
CTTGGT,0,0
CTTGGC,0,0
CTTGGG,0,0
CTCAAA,0,0
CTCAAT,1,0
CTCAAC,0,0
CTCAAG,3,0
CTCATA,0,0
CTCATT,0,0
CTCATC,0,0
CTCATG,1,0
CTCACA,0,0
CTCACT,0,0
CTCACC,1,0
CTCACG,1,0
CTCAGA,0,0
CTCAGT,1,0
CTCAGC,2,0
CTCAGG,0,0
CTCTAT,0,0
CTCTAC,4,0
CTCTTA,0,0
CTCTTT,0,0
CTCTTC,0,0
CTCTTG,1,0
CTCTCA,0,0
CTCTCT,0,0
CTCTCC,0,0
CTCTCG,0,0
CTCTGT,1,0
CTCTGC,0,0
CTCTGG,1,1
CTCCAA,0,0
CTCCAT,0,0
CTCCAC,0,0
CTCCAG,0,0
CTCCTA,0,0
CTCCTT,0,0
CTCCTC,0,0
CTCCTG,0,0
CTCCCA,0,0
CTCCCT,0,0
CTCCCC,0,0
CTCCCG,0,0
CTCCGA,0,0
CTCCGT,0,0
CTCCGC,0,0
CTCCGG,2,0
CTCGAA,1,0
CTCGAT,0,0
CTCGAC,0,0
CTCGAG,1,0
CTCGTA,0,0
CTCGTT,0,0
CTCGTC,0,0
CTCGTG,0,0
CTCGCA,0,0
CTCGCT,0,0
CTCGCC,0,0
CTCGCG,0,0
CTCGGA,0,0
CTCGGT,0,0
CTCGGC,0,0
CTCGGG,0,0
CTGAAA,0,0
CTGAAT,1,0
CTGAAC,0,0
CTGAAG,4,0
CTGATA,0,0
CTGATT,0,0
CTGATC,2,0
CTGATG,2,0
CTGACA,0,0
CTGACT,0,0
CTGACC,3,0
CTGACG,1,0
CTGAGA,0,0
CTGAGT,1,0
CTGAGC,2,0
CTGAGG,0,0
CTGTAT,0,0
CTGTAC,0,0
CTGTTA,0,0
CTGTTT,0,0
CTGTTC,0,0
CTGTTG,0,0
CTGTCA,1,0
CTGTCT,1,0
CTGTCC,0,0
CTGTCG,0,0
CTGTGT,0,0
CTGTGC,1,0
CTGTGG,1,0
CTGCAA,2,0
CTGCAT,0,0
CTGCAC,1,0
CTGCAG,4,0
CTGCTA,0,0
CTGCTT,0,0
CTGCTC,0,0
CTGCTG,0,0
CTGCCA,0,0
CTGCCT,2,0
CTGCCC,2,0
CTGCCG,2,0
CTGCGA,2,0
CTGCGT,1,0
CTGCGC,0,0
CTGCGG,0,0
CTGGAA,1,0
CTGGAT,0,0
CTGGAC,5,0
CTGGAG,7,0
CTGGTA,0,0
CTGGTT,0,0
CTGGTC,1,0
CTGGTG,1,0
CTGGCA,0,0
CTGGCT,1,0
CTGGCC,2,0
CTGGCG,0,0
CTGGGA,3,0
CTGGGT,0,0
CTGGGC,1,0
CTGGGG,0,0
CCAAAA,0,0
CCAAAT,0,0
CCAAAC,1,0
CCAAAG,0,0
CCAATA,0,0
CCAATT,0,0
CCAATC,2,0
CCAATG,2,0
CCAACA,0,0
CCAACT,1,0
CCAACC,0,0
CCAACG,1,0
CCAAGA,0,0
CCAAGT,0,0
CCAAGC,0,0
CCAAGG,0,0
CCATAT,0,0
CCATAC,1,0
CCATTA,0,0
CCATTT,0,0
CCATTC,0,0
CCATTG,0,0
CCATCA,0,0
CCATCT,0,0
CCATCC,0,0
CCATCG,2,0
CCATGT,0,0
CCATGC,0,0
CCATGG,0,0
CCACAA,0,0
CCACAT,0,0
CCACAC,0,0
CCACAG,1,0
CCACTA,0,0
CCACTT,0,0
CCACTC,0,0
CCACTG,1,0
CCACCA,3,0
CCACCT,0,0
CCACCC,1,0
CCACCG,1,0
CCACGA,0,0
CCACGT,1,1
CCACGC,0,0
CCACGG,0,0
CCAGAA,0,0
CCAGAT,1,0
CCAGAC,0,0
CCAGAG,3,1
CCAGTA,0,0
CCAGTT,1,0
CCAGTC,0,0
CCAGTG,0,0
CCAGCA,0,0
CCAGCT,0,0
CCAGCC,0,0
CCAGCG,2,0
CCAGGA,0,0
CCAGGT,1,0
CCAGGC,0,0
CCAGGG,0,0
CCTAAA,0,0
CCTAAT,0,0
CCTAAC,0,0
CCTAAG,0,0
CCTATA,0,0
CCTATT,0,0
CCTATC,0,0
CCTATG,1,0
CCTACA,0,0
CCTACT,0,0
CCTACC,0,0
CCTACG,1,0
CCTAGA,0,0
CCTAGT,0,0
CCTAGC,0,0
CCTAGG,0,0
CCTTAT,0,0
CCTTAC,0,0
CCTTTA,0,0
CCTTTT,0,0
CCTTTC,0,0
CCTTTG,1,0
CCTTCA,0,0
CCTTCT,1,0
CCTTCC,0,0
CCTTCG,0,0
CCTTGT,0,0
CCTTGC,0,0
CCTTGG,0,0
CCTCAA,0,0
CCTCAT,1,0
CCTCAC,0,0
CCTCAG,2,0
CCTCTA,0,0
CCTCTT,0,0
CCTCTC,1,0
CCTCTG,0,0
CCTCCA,1,0
CCTCCT,0,0
CCTCCC,0,0
CCTCCG,1,0
CCTCGA,1,0
CCTCGT,0,0
CCTCGC,0,0
CCTCGG,0,0
CCTGAA,0,0
CCTGAT,0,0
CCTGAC,0,0
CCTGAG,0,0
CCTGTA,0,0
CCTGTT,0,0
CCTGTC,1,0
CCTGTG,0,0
CCTGCA,0,0
CCTGCT,0,0
CCTGCC,0,0
CCTGCG,0,0
CCTGGA,0,0
CCTGGT,0,0
CCTGGC,1,0
CCTGGG,0,0
CCCAAA,0,0
CCCAAT,2,1
CCCAAC,0,0
CCCAAG,2,0
CCCATA,2,0
CCCATT,4,0
CCCATC,2,0
CCCATG,1,0
CCCACA,2,0
CCCACT,1,0
CCCACC,3,0
CCCACG,0,0
CCCAGA,0,0
CCCAGT,0,0
CCCAGC,1,0
CCCAGG,0,0
CCCTAT,0,0
CCCTAC,1,0
CCCTTA,1,0
CCCTTT,0,0
CCCTTC,4,0
CCCTTG,0,0
CCCTCA,0,0
CCCTCT,0,0
CCCTCC,0,0
CCCTCG,2,0
CCCTGT,0,0
CCCTGC,0,0
CCCTGG,0,0
CCCCAA,0,0
CCCCAT,0,0
CCCCAC,2,0
CCCCAG,0,0
CCCCTA,0,0
CCCCTT,0,0
CCCCTC,0,0
CCCCTG,1,0
CCCCCA,0,0
CCCCCT,0,0
CCCCCC,0,0
CCCCCG,0,0
CCCCGA,0,0
CCCCGT,0,0
CCCCGC,0,0
CCCCGG,0,0
CCCGAA,0,0
CCCGAT,4,2
CCCGAC,0,0
CCCGAG,3,0
CCCGTA,0,0
CCCGTT,0,0
CCCGTC,1,0
CCCGTG,3,0
CCCGCA,1,0
CCCGCT,0,0
CCCGCC,0,0
CCCGCG,1,0
CCCGGA,0,0
CCCGGT,1,0
CCCGGC,4,0
CCCGGG,0,0
CCGAAA,0,0
CCGAAT,1,0
CCGAAC,0,0
CCGAAG,1,1
CCGATA,1,0
CCGATT,0,0
CCGATC,1,0
CCGATG,0,0
CCGACA,0,0
CCGACT,0,0
CCGACC,0,0
CCGACG,2,0
CCGAGA,0,0
CCGAGT,0,0
CCGAGC,1,1
CCGAGG,0,0
CCGTAT,0,0
CCGTAC,2,0
CCGTTA,0,0
CCGTTT,1,0
CCGTTC,1,0
CCGTTG,1,0
CCGTCA,0,0
CCGTCT,0,0
CCGTCC,0,0
CCGTCG,0,0
CCGTGT,0,0
CCGTGC,2,0
CCGTGG,0,0
CCGCAA,1,0
CCGCAT,1,0
CCGCAC,0,0
CCGCAG,4,0
CCGCTA,0,0
CCGCTT,0,0
CCGCTC,0,0
CCGCTG,0,0
CCGCCA,1,0
CCGCCT,4,0
CCGCCC,6,1
CCGCCG,1,0
CCGCGA,0,0
CCGCGT,0,0
CCGCGC,1,0
CCGCGG,1,0
CCGGAA,2,0
CCGGAT,4,0
CCGGAC,0,0
CCGGAG,6,1
CCGGTA,2,0
CCGGTT,1,1
CCGGTC,1,0
CCGGTG,1,0
CCGGCA,0,0
CCGGCT,2,0
CCGGCC,0,0
CCGGCG,2,0
CCGGGA,1,0
CCGGGT,0,0
CCGGGC,2,0
CCGGGG,0,0
CGAAAA,0,0
CGAAAT,3,0
CGAAAC,0,0
CGAAAG,0,0
CGAATA,0,0
CGAATT,0,0
CGAATC,0,0
CGAATG,2,0
CGAACA,0,0
CGAACT,0,0
CGAACC,0,0
CGAACG,1,0
CGAAGA,0,0
CGAAGT,0,0
CGAAGC,0,0
CGAAGG,0,0
CGATAT,0,0
CGATAC,0,0
CGATTA,0,0
CGATTT,0,0
CGATTC,0,0
CGATTG,1,0
CGATCA,0,0
CGATCT,0,0
CGATCC,2,0
CGATCG,1,0
CGATGT,0,0
CGATGC,0,0
CGATGG,1,0
CGACAA,0,0
CGACAT,0,0
CGACAC,0,0
CGACAG,0,0
CGACTA,0,0
CGACTT,1,0
CGACTC,1,0
CGACTG,0,0
CGACCA,1,0
CGACCT,0,0
CGACCC,1,0
CGACCG,1,0
CGACGA,0,0
CGACGT,0,0
CGACGC,0,0
CGACGG,0,0
CGAGAA,0,0
CGAGAT,2,0
CGAGAC,0,0
CGAGAG,2,0
CGAGTA,0,0
CGAGTT,0,0
CGAGTC,0,0
CGAGTG,1,0
CGAGCA,1,0
CGAGCT,0,0
CGAGCC,0,0
CGAGCG,1,0
CGAGGA,0,0
CGAGGT,0,0
CGAGGC,0,0
CGAGGG,0,0
CGTAAA,1,0
CGTAAT,1,0
CGTAAC,0,0
CGTAAG,0,0
CGTATA,0,0
CGTATT,0,0
CGTATC,0,0
CGTATG,0,0
CGTACA,0,0
CGTACT,0,0
CGTACC,0,0
CGTACG,1,0
CGTAGA,0,0
CGTAGT,0,0
CGTAGC,0,0
CGTAGG,0,0
CGTTAT,0,0
CGTTAC,2,0
CGTTTA,0,0
CGTTTT,0,0
CGTTTC,0,0
CGTTTG,0,0
CGTTCA,0,0
CGTTCT,0,0
CGTTCC,2,0
CGTTCG,1,0
CGTTGT,0,0
CGTTGC,0,0
CGTTGG,0,0
CGTCAA,0,0
CGTCAT,0,0
CGTCAC,0,0
CGTCAG,0,0
CGTCTA,0,0
CGTCTT,1,0
CGTCTC,0,0
CGTCTG,1,0
CGTCCA,1,0
CGTCCT,0,0
CGTCCC,0,0
CGTCCG,2,0
CGTCGA,0,0
CGTCGT,2,0
CGTCGC,1,0
CGTCGG,0,0
CGTGAA,1,0
CGTGAT,0,0
CGTGAC,1,0
CGTGAG,1,0
CGTGTA,0,0
CGTGTT,1,0
CGTGTC,0,0
CGTGTG,1,0
CGTGCA,0,0
CGTGCT,0,0
CGTGCC,1,0
CGTGCG,0,0
CGTGGA,0,0
CGTGGT,0,0
CGTGGC,3,0
CGTGGG,1,0
CGCAAA,2,0
CGCAAT,2,0
CGCAAC,1,0
CGCAAG,0,0
CGCATA,2,0
CGCATT,1,0
CGCATC,2,0
CGCATG,2,2
CGCACA,0,0
CGCACT,1,0
CGCACC,4,0
CGCACG,0,0
CGCAGA,0,0
CGCAGT,0,0
CGCAGC,0,0
CGCAGG,0,0
CGCTAT,3,0
CGCTAC,2,0
CGCTTA,0,0
CGCTTT,0,0
CGCTTC,1,0
CGCTTG,1,0
CGCTCA,0,0
CGCTCT,0,0
CGCTCC,0,0
CGCTCG,0,0
CGCTGT,0,0
CGCTGC,0,0
CGCTGG,1,0
CGCCAA,0,0
CGCCAT,0,0
CGCCAC,0,0
CGCCAG,2,0
CGCCTA,1,0
CGCCTT,0,0
CGCCTC,0,0
CGCCTG,1,0
CGCCCA,1,0
CGCCCT,0,0
CGCCCC,0,0
CGCCCG,0,0
CGCCGA,0,0
CGCCGT,0,0
CGCCGC,0,0
CGCCGG,1,0
CGCGAA,1,0
CGCGAT,1,0
CGCGAC,0,0
CGCGAG,1,0
CGCGTA,0,0
CGCGTT,0,0
CGCGTC,3,2
CGCGTG,0,0
CGCGCA,0,0
CGCGCT,2,0
CGCGCC,1,1
CGCGCG,0,0
CGCGGA,3,0
CGCGGT,1,0
CGCGGC,0,0
CGCGGG,0,0
CGGAAA,0,0
CGGAAT,1,0
CGGAAC,1,0
CGGAAG,2,0
CGGATA,0,0
CGGATT,1,0
CGGATC,1,0
CGGATG,0,0
CGGACA,0,0
CGGACT,0,0
CGGACC,0,0
CGGACG,0,0
CGGAGA,0,0
CGGAGT,1,0
CGGAGC,0,0
CGGAGG,0,0
CGGTAT,0,0
CGGTAC,0,0
CGGTTA,0,0
CGGTTT,1,0
CGGTTC,0,0
CGGTTG,0,0
CGGTCA,0,0
CGGTCT,0,0
CGGTCC,0,0
CGGTCG,1,0
CGGTGT,1,0
CGGTGC,0,0
CGGTGG,0,0
CGGCAA,0,0
CGGCAT,0,0
CGGCAC,0,0
CGGCAG,1,0
CGGCTA,0,0
CGGCTT,0,0
CGGCTC,0,0
CGGCTG,0,0
CGGCCA,0,0
CGGCCT,0,0
CGGCCC,1,0
CGGCCG,1,0
CGGCGA,0,0
CGGCGT,1,0
CGGCGC,0,0
CGGCGG,0,0
CGGGAA,1,0
CGGGAT,0,0
CGGGAC,0,0
CGGGAG,0,0
CGGGTA,0,0
CGGGTT,1,0
CGGGTC,0,0
CGGGTG,1,0
CGGGCA,1,0
CGGGCT,0,0
CGGGCC,0,0
CGGGCG,2,0
CGGGGA,0,0
CGGGGT,0,0
CGGGGC,0,0
CGGGGG,0,0
GAAAAA,0,0
GAAAAT,0,0
GAAAAC,1,0
GAAAAG,3,0
GAAATA,0,0
GAAATT,1,0
GAAATC,0,0
GAAATG,1,1
GAAACA,0,0
GAAACT,0,0
GAAACC,1,0
GAAACG,0,0
GAAAGA,0,0
GAAAGT,1,1
GAAAGC,1,0
GAAAGG,0,0
GAATAT,1,0
GAATAC,1,0
GAATTA,0,0
GAATTT,2,0
GAATTC,0,0
GAATTG,1,0
GAATCA,0,0
GAATCT,0,0
GAATCC,2,0
GAATCG,0,0
GAATGT,0,0
GAATGC,0,0
GAATGG,1,0
GAACAA,0,0
GAACAT,0,0
GAACAC,0,0
GAACAG,0,0
GAACTA,1,0
GAACTT,0,0
GAACTC,1,0
GAACTG,3,0
GAACCA,1,0
GAACCT,0,0
GAACCC,1,0
GAACCG,3,0
GAACGA,4,0
GAACGT,1,0
GAACGC,1,0
GAACGG,0,0
GAAGAA,0,0
GAAGAT,1,0
GAAGAC,1,0
GAAGAG,0,0
GAAGTA,0,0
GAAGTT,0,0
GAAGTC,0,0
GAAGTG,2,0
GAAGCA,0,0
GAAGCT,1,0
GAAGCC,0,0
GAAGCG,0,0
GAAGGA,0,0
GAAGGT,0,0
GAAGGC,1,1
GAAGGG,0,0
GATAAA,1,1
GATAAT,0,0
GATAAC,1,0
GATAAG,0,0
GATATA,0,0
GATATT,0,0
GATATC,1,1
GATATG,1,0
GATACA,1,0
GATACT,0,0
GATACC,1,1
GATACG,1,0
GATAGA,0,0
GATAGT,0,0
GATAGC,0,0
GATAGG,0,0
GATTAT,2,0
GATTAC,1,0
GATTTA,0,0
GATTTT,0,0
GATTTC,2,0
GATTTG,0,0
GATTCA,1,0
GATTCT,0,0
GATTCC,1,0
GATTCG,0,0
GATTGT,0,0
GATTGC,0,0
GATTGG,2,0
GATCAA,1,0
GATCAT,4,1
GATCAC,0,0
GATCAG,5,0
GATCTA,0,0
GATCTT,2,0
GATCTC,1,0
GATCTG,1,0
GATCCA,1,0
GATCCT,0,0
GATCCC,3,0
GATCCG,2,0
GATCGA,0,0
GATCGT,0,0
GATCGC,1,0
GATCGG,1,0
GATGAA,0,0
GATGAT,3,0
GATGAC,0,0
GATGAG,1,1
GATGTA,1,0
GATGTT,1,0
GATGTC,1,0
GATGTG,5,1
GATGCA,3,1
GATGCT,0,0
GATGCC,4,0
GATGCG,0,0
GATGGA,1,0
GATGGT,1,0
GATGGC,2,0
GATGGG,1,0
GACAAA,0,0
GACAAT,3,1
GACAAC,1,0
GACAAG,2,0
GACATA,0,0
GACATT,0,0
GACATC,1,0
GACATG,3,0
GACACA,1,1
GACACT,0,0
GACACC,0,0
GACACG,1,0
GACAGA,0,0
GACAGT,0,0
GACAGC,0,0
GACAGG,0,0
GACTAT,1,1
GACTAC,0,0
GACTTA,0,0
GACTTT,1,1
GACTTC,2,0
GACTTG,1,0
GACTCA,0,0
GACTCT,0,0
GACTCC,0,0
GACTCG,2,0
GACTGT,0,0
GACTGC,0,0
GACTGG,0,0
GACCAA,1,0
GACCAT,0,0
GACCAC,0,0
GACCAG,0,0
GACCTA,0,0
GACCTT,0,0
GACCTC,0,0
GACCTG,1,0
GACCCA,0,0
GACCCT,0,0
GACCCC,0,0
GACCCG,0,0
GACCGA,0,0
GACCGT,0,0
GACCGC,0,0
GACCGG,1,0
GACGAA,1,0
GACGAT,1,0
GACGAC,1,0
GACGAG,2,0
GACGTA,0,0
GACGTT,0,0
GACGTC,1,0
GACGTG,0,0
GACGCA,0,0
GACGCT,0,0
GACGCC,1,0
GACGCG,0,0
GACGGA,1,0
GACGGT,0,0
GACGGC,2,0
GACGGG,0,0
GAGAAA,0,0
GAGAAT,2,0
GAGAAC,3,0
GAGAAG,3,0
GAGATA,1,0
GAGATT,3,0
GAGATC,2,1
GAGATG,2,0
GAGACA,2,0
GAGACT,0,0
GAGACC,4,2
GAGACG,2,1
GAGAGA,0,0
GAGAGT,0,0
GAGAGC,1,0
GAGAGG,0,0
GAGTAT,1,0
GAGTAC,5,0
GAGTTA,0,0
GAGTTT,1,0
GAGTTC,4,1
GAGTTG,0,0
GAGTCA,1,0
GAGTCT,0,0
GAGTCC,0,0
GAGTCG,0,0
GAGTGT,2,0
GAGTGC,0,0
GAGTGG,1,1
GAGCAA,1,0
GAGCAT,1,0
GAGCAC,3,0
GAGCAG,3,0
GAGCTA,0,0
GAGCTT,0,0
GAGCTC,1,0
GAGCTG,3,0
GAGCCA,0,0
GAGCCT,0,0
GAGCCC,2,0
GAGCCG,2,0
GAGCGA,5,0
GAGCGT,1,0
GAGCGC,0,0
GAGCGG,2,0
GAGGAA,3,0
GAGGAT,6,2
GAGGAC,3,0
GAGGAG,3,1
GAGGTA,0,0
GAGGTT,0,0
GAGGTC,0,0
GAGGTG,5,1
GAGGCA,1,0
GAGGCT,0,0
GAGGCC,2,0
GAGGCG,2,0
GAGGGA,3,0
GAGGGT,1,0
GAGGGC,2,0
GAGGGG,1,0
GTAAAA,0,0
GTAAAT,0,0
GTAAAC,1,0
GTAAAG,0,0
GTAATA,0,0
GTAATT,0,0
GTAATC,1,0
GTAATG,0,0
GTAACA,1,0
GTAACT,0,0
GTAACC,0,0
GTAACG,1,0
GTAAGA,0,0
GTAAGT,0,0
GTAAGC,0,0
GTAAGG,0,0
GTATAT,0,0
GTATAC,0,0
GTATTA,0,0
GTATTT,0,0
GTATTC,0,0
GTATTG,0,0
GTATCA,0,0
GTATCT,0,0
GTATCC,0,0
GTATCG,0,0
GTATGT,0,0
GTATGC,0,0
GTATGG,0,0
GTACAA,1,0
GTACAT,0,0
GTACAC,0,0
GTACAG,0,0
GTACTA,0,0
GTACTT,0,0
GTACTC,0,0
GTACTG,3,0
GTACCA,1,0
GTACCT,0,0
GTACCC,0,0
GTACCG,0,0
GTACGA,0,0
GTACGT,0,0
GTACGC,2,0
GTACGG,0,0
GTAGAA,0,0
GTAGAT,0,0
GTAGAC,1,0
GTAGAG,0,0
GTAGTA,0,0
GTAGTT,0,0
GTAGTC,0,0
GTAGTG,0,0
GTAGCA,0,0
GTAGCT,0,0
GTAGCC,0,0
GTAGCG,0,0
GTAGGA,0,0
GTAGGT,0,0
GTAGGC,0,0
GTAGGG,0,0
GTTAAA,1,0
GTTAAT,2,0
GTTAAC,0,0
GTTAAG,1,0
GTTATA,1,1
GTTATT,1,1
GTTATC,0,0
GTTATG,0,0
GTTACA,1,0
GTTACT,1,0
GTTACC,2,0
GTTACG,0,0
GTTAGA,0,0
GTTAGT,0,0
GTTAGC,0,0
GTTAGG,0,0
GTTTAT,0,0
GTTTAC,0,0
GTTTTA,0,0
GTTTTT,0,0
GTTTTC,0,0
GTTTTG,0,0
GTTTCA,0,0
GTTTCT,0,0
GTTTCC,1,0
GTTTCG,2,0
GTTTGT,0,0
GTTTGC,0,0
GTTTGG,0,0
GTTCAA,0,0
GTTCAT,0,0
GTTCAC,1,0
GTTCAG,2,0
GTTCTA,0,0
GTTCTT,0,0
GTTCTC,1,0
GTTCTG,1,0
GTTCCA,0,0
GTTCCT,0,0
GTTCCC,1,0
GTTCCG,1,0
GTTCGA,1,0
GTTCGT,0,0
GTTCGC,0,0
GTTCGG,0,0
GTTGAA,0,0
GTTGAT,1,0
GTTGAC,0,0
GTTGAG,1,0
GTTGTA,0,0
GTTGTT,1,0
GTTGTC,0,0
GTTGTG,1,0
GTTGCA,0,0
GTTGCT,1,0
GTTGCC,0,0
GTTGCG,0,0
GTTGGA,2,0
GTTGGT,1,0
GTTGGC,0,0
GTTGGG,0,0
GTCAAA,0,0
GTCAAT,0,0
GTCAAC,1,0
GTCAAG,3,0
GTCATA,0,0
GTCATT,1,0
GTCATC,0,0
GTCATG,1,0
GTCACA,3,1
GTCACT,0,0
GTCACC,0,0
GTCACG,1,0
GTCAGA,0,0
GTCAGT,0,0
GTCAGC,2,0
GTCAGG,0,0
GTCTAT,0,0
GTCTAC,1,0
GTCTTA,0,0
GTCTTT,1,0
GTCTTC,1,0
GTCTTG,0,0
GTCTCA,0,0
GTCTCT,0,0
GTCTCC,0,0
GTCTCG,1,0
GTCTGT,0,0
GTCTGC,0,0
GTCTGG,0,0
GTCCAA,1,0
GTCCAT,0,0
GTCCAC,1,0
GTCCAG,3,0
GTCCTA,0,0
GTCCTT,0,0
GTCCTC,1,0
GTCCTG,1,0
GTCCCA,0,0
GTCCCT,0,0
GTCCCC,0,0
GTCCCG,1,0
GTCCGA,1,0
GTCCGT,2,0
GTCCGC,1,0
GTCCGG,1,0
GTCGAA,0,0
GTCGAT,0,0
GTCGAC,2,0
GTCGAG,2,0
GTCGTA,0,0
GTCGTT,0,0
GTCGTC,0,0
GTCGTG,1,0
GTCGCA,0,0
GTCGCT,0,0
GTCGCC,0,0
GTCGCG,0,0
GTCGGA,0,0
GTCGGT,0,0
GTCGGC,1,0
GTCGGG,1,0
GTGAAA,3,0
GTGAAT,1,0
GTGAAC,2,0
GTGAAG,4,2
GTGATA,2,1
GTGATT,1,0
GTGATC,1,0
GTGATG,2,1
GTGACA,0,0
GTGACT,1,0
GTGACC,3,2
GTGACG,1,0
GTGAGA,0,0
GTGAGT,2,0
GTGAGC,0,0
GTGAGG,1,0
GTGTAT,0,0
GTGTAC,1,0
GTGTTA,0,0
GTGTTT,1,0
GTGTTC,2,0
GTGTTG,1,0
GTGTCA,0,0
GTGTCT,0,0
GTGTCC,3,0
GTGTCG,1,0
GTGTGT,0,0
GTGTGC,0,0
GTGTGG,1,0
GTGCAA,2,0
GTGCAT,0,0
GTGCAC,3,0
GTGCAG,1,0
GTGCTA,0,0
GTGCTT,0,0
GTGCTC,0,0
GTGCTG,3,0
GTGCCA,1,1
GTGCCT,0,0
GTGCCC,4,0
GTGCCG,1,0
GTGCGA,1,0
GTGCGT,2,0
GTGCGC,2,0
GTGCGG,1,0
GTGGAA,0,0
GTGGAT,3,0
GTGGAC,2,0
GTGGAG,3,0
GTGGTA,1,0
GTGGTT,3,0
GTGGTC,3,0
GTGGTG,3,0
GTGGCA,0,0
GTGGCT,1,0
GTGGCC,1,0
GTGGCG,4,0
GTGGGA,1,0
GTGGGT,2,0
GTGGGC,2,0
GTGGGG,0,0
GCAAAA,0,0
GCAAAT,1,0
GCAAAC,0,0
GCAAAG,0,0
GCAATA,0,0
GCAATT,0,0
GCAATC,0,0
GCAATG,0,0
GCAACA,1,0
GCAACT,1,1
GCAACC,2,0
GCAACG,0,0
GCAAGA,0,0
GCAAGT,0,0
GCAAGC,0,0
GCAAGG,1,0
GCATAT,0,0
GCATAC,1,0
GCATTA,0,0
GCATTT,0,0
GCATTC,0,0
GCATTG,0,0
GCATCA,0,0
GCATCT,0,0
GCATCC,0,0
GCATCG,0,0
GCATGT,0,0
GCATGC,0,0
GCATGG,0,0
GCACAA,0,0
GCACAT,0,0
GCACAC,0,0
GCACAG,1,0
GCACTA,1,0
GCACTT,0,0
GCACTC,0,0
GCACTG,2,0
GCACCA,3,0
GCACCT,2,0
GCACCC,1,0
GCACCG,1,0
GCACGA,0,0
GCACGT,0,0
GCACGC,0,0
GCACGG,0,0
GCAGAA,0,0
GCAGAT,1,0
GCAGAC,0,0
GCAGAG,1,0
GCAGTA,0,0
GCAGTT,0,0
GCAGTC,1,1
GCAGTG,0,0
GCAGCA,0,0
GCAGCT,2,0
GCAGCC,3,0
GCAGCG,0,0
GCAGGA,0,0
GCAGGT,0,0
GCAGGC,1,0
GCAGGG,0,0
GCTAAA,0,0
GCTAAT,0,0
GCTAAC,0,0
GCTAAG,0,0
GCTATA,0,0
GCTATT,0,0
GCTATC,0,0
GCTATG,1,0
GCTACA,0,0
GCTACT,0,0
GCTACC,0,0
GCTACG,0,0
GCTAGA,0,0
GCTAGT,0,0
GCTAGC,1,0
GCTAGG,0,0
GCTTAT,1,0
GCTTAC,0,0
GCTTTA,0,0
GCTTTT,0,0
GCTTTC,0,0
GCTTTG,0,0
GCTTCA,0,0
GCTTCT,0,0
GCTTCC,0,0
GCTTCG,1,0
GCTTGT,0,0
GCTTGC,0,0
GCTTGG,0,0
GCTCAA,0,0
GCTCAT,0,0
GCTCAC,1,0
GCTCAG,0,0
GCTCTA,0,0
GCTCTT,0,0
GCTCTC,1,0
GCTCTG,0,0
GCTCCA,0,0
GCTCCT,0,0
GCTCCC,0,0
GCTCCG,2,0
GCTCGA,0,0
GCTCGT,0,0
GCTCGC,1,0
GCTCGG,0,0
GCTGAA,0,0
GCTGAT,1,0
GCTGAC,0,0
GCTGAG,3,0
GCTGTA,0,0
GCTGTT,0,0
GCTGTC,2,0
GCTGTG,0,0
GCTGCA,3,0
GCTGCT,0,0
GCTGCC,0,0
GCTGCG,1,0
GCTGGA,0,0
GCTGGT,1,0
GCTGGC,0,0
GCTGGG,0,0
GCCAAA,0,0
GCCAAT,3,0
GCCAAC,3,0
GCCAAG,1,0
GCCATA,1,0
GCCATT,2,0
GCCATC,4,1
GCCATG,1,0
GCCACA,1,0
GCCACT,1,0
GCCACC,5,0
GCCACG,0,0
GCCAGA,0,0
GCCAGT,0,0
GCCAGC,1,0
GCCAGG,0,0
GCCTAT,0,0
GCCTAC,3,1
GCCTTA,0,0
GCCTTT,0,0
GCCTTC,1,0
GCCTTG,0,0
GCCTCA,0,0
GCCTCT,0,0
GCCTCC,1,0
GCCTCG,0,0
GCCTGT,0,0
GCCTGC,0,0
GCCTGG,1,1
GCCCAA,1,0
GCCCAT,1,0
GCCCAC,0,0
GCCCAG,2,0
GCCCTA,0,0
GCCCTT,0,0
GCCCTC,1,0
GCCCTG,2,0
GCCCCA,0,0
GCCCCT,0,0
GCCCCC,0,0
GCCCCG,0,0
GCCCGA,1,0
GCCCGT,0,0
GCCCGC,1,0
GCCCGG,0,0
GCCGAA,0,0
GCCGAT,0,0
GCCGAC,1,0
GCCGAG,0,0
GCCGTA,0,0
GCCGTT,1,0
GCCGTC,1,0
GCCGTG,2,0
GCCGCA,1,0
GCCGCT,1,0
GCCGCC,1,0
GCCGCG,0,0
GCCGGA,1,0
GCCGGT,1,0
GCCGGC,1,0
GCCGGG,0,0
GCGAAA,0,0
GCGAAT,0,0
GCGAAC,0,0
GCGAAG,0,0
GCGATA,0,0
GCGATT,1,0
GCGATC,0,0
GCGATG,0,0
GCGACA,1,0
GCGACT,0,0
GCGACC,1,0
GCGACG,0,0
GCGAGA,0,0
GCGAGT,0,0
GCGAGC,0,0
GCGAGG,1,0
GCGTAT,1,0
GCGTAC,0,0
GCGTTA,0,0
GCGTTT,0,0
GCGTTC,0,0
GCGTTG,0,0
GCGTCA,0,0
GCGTCT,0,0
GCGTCC,0,0
GCGTCG,1,0
GCGTGT,0,0
GCGTGC,0,0
GCGTGG,0,0
GCGCAA,1,0
GCGCAT,0,0
GCGCAC,0,0
GCGCAG,1,0
GCGCTA,0,0
GCGCTT,0,0
GCGCTC,0,0
GCGCTG,0,0
GCGCCA,0,0
GCGCCT,0,0
GCGCCC,1,0
GCGCCG,0,0
GCGCGA,0,0
GCGCGT,0,0
GCGCGC,0,0
GCGCGG,0,0
GCGGAA,0,0
GCGGAT,0,0
GCGGAC,0,0
GCGGAG,3,0
GCGGTA,0,0
GCGGTT,1,0
GCGGTC,0,0
GCGGTG,2,0
GCGGCA,1,0
GCGGCT,0,0
GCGGCC,2,0
GCGGCG,1,0
GCGGGA,2,0
GCGGGT,0,0
GCGGGC,2,0
GCGGGG,0,0
GGAAAA,0,0
GGAAAT,0,0
GGAAAC,0,0
GGAAAG,0,0
GGAATA,0,0
GGAATT,0,0
GGAATC,1,0
GGAATG,0,0
GGAACA,1,0
GGAACT,1,0
GGAACC,1,0
GGAACG,1,0
GGAAGA,0,0
GGAAGT,0,0
GGAAGC,1,0
GGAAGG,1,0
GGATAT,0,0
GGATAC,0,0
GGATTA,0,0
GGATTT,0,0
GGATTC,1,0
GGATTG,1,0
GGATCA,1,0
GGATCT,2,0
GGATCC,1,0
GGATCG,0,0
GGATGT,0,0
GGATGC,0,0
GGATGG,0,0
GGACAA,1,1
GGACAT,0,0
GGACAC,0,0
GGACAG,1,0
GGACTA,0,0
GGACTT,1,0
GGACTC,1,0
GGACTG,0,0
GGACCA,0,0
GGACCT,1,0
GGACCC,3,0
GGACCG,3,0
GGACGA,1,0
GGACGT,2,0
GGACGC,2,0
GGACGG,0,0
GGAGAA,0,0
GGAGAT,1,0
GGAGAC,0,0
GGAGAG,0,0
GGAGTA,2,0
GGAGTT,2,0
GGAGTC,1,0
GGAGTG,1,0
GGAGCA,0,0
GGAGCT,1,0
GGAGCC,2,0
GGAGCG,0,0
GGAGGA,0,0
GGAGGT,0,0
GGAGGC,0,0
GGAGGG,0,0
GGTAAA,0,0
GGTAAT,0,0
GGTAAC,0,0
GGTAAG,0,0
GGTATA,0,0
GGTATT,0,0
GGTATC,1,0
GGTATG,0,0
GGTACA,0,0
GGTACT,0,0
GGTACC,0,0
GGTACG,0,0
GGTAGA,0,0
GGTAGT,0,0
GGTAGC,0,0
GGTAGG,0,0
GGTTAT,0,0
GGTTAC,0,0
GGTTTA,0,0
GGTTTT,0,0
GGTTTC,0,0
GGTTTG,0,0
GGTTCA,0,0
GGTTCT,0,0
GGTTCC,0,0
GGTTCG,0,0
GGTTGT,0,0
GGTTGC,0,0
GGTTGG,0,0
GGTCAA,0,0
GGTCAT,0,0
GGTCAC,1,0
GGTCAG,1,0
GGTCTA,0,0
GGTCTT,0,0
GGTCTC,0,0
GGTCTG,1,0
GGTCCA,1,0
GGTCCT,1,0
GGTCCC,2,0
GGTCCG,2,0
GGTCGA,1,0
GGTCGT,0,0
GGTCGC,2,0
GGTCGG,0,0
GGTGAA,0,0
GGTGAT,1,0
GGTGAC,1,0
GGTGAG,1,0
GGTGTA,0,0
GGTGTT,0,0
GGTGTC,1,0
GGTGTG,3,1
GGTGCA,0,0
GGTGCT,1,0
GGTGCC,0,0
GGTGCG,0,0
GGTGGA,1,0
GGTGGT,0,0
GGTGGC,1,0
GGTGGG,0,0
GGCAAA,2,0
GGCAAT,1,1
GGCAAC,0,0
GGCAAG,2,0
GGCATA,1,0
GGCATT,0,0
GGCATC,2,0
GGCATG,2,1
GGCACA,1,0
GGCACT,0,0
GGCACC,1,1
GGCACG,1,0
GGCAGA,0,0
GGCAGT,0,0
GGCAGC,1,0
GGCAGG,1,0
GGCTAT,3,1
GGCTAC,2,0
GGCTTA,0,0
GGCTTT,3,1
GGCTTC,2,0
GGCTTG,1,0
GGCTCA,3,0
GGCTCT,0,0
GGCTCC,1,0
GGCTCG,0,0
GGCTGT,1,0
GGCTGC,0,0
GGCTGG,0,0
GGCCAA,2,0
GGCCAT,0,0
GGCCAC,0,0
GGCCAG,1,0
GGCCTA,0,0
GGCCTT,0,0
GGCCTC,0,0
GGCCTG,1,0
GGCCCA,0,0
GGCCCT,0,0
GGCCCC,0,0
GGCCCG,0,0
GGCCGA,0,0
GGCCGT,0,0
GGCCGC,0,0
GGCCGG,1,0
GGCGAA,1,0
GGCGAT,5,1
GGCGAC,0,0
GGCGAG,5,1
GGCGTA,0,0
GGCGTT,2,0
GGCGTC,1,0
GGCGTG,1,0
GGCGCA,0,0
GGCGCT,0,0
GGCGCC,0,0
GGCGCG,0,0
GGCGGA,1,0
GGCGGT,0,0
GGCGGC,1,0
GGCGGG,1,0
GGGAAA,0,0
GGGAAT,0,0
GGGAAC,0,0
GGGAAG,0,0
GGGATA,0,0
GGGATT,1,0
GGGATC,0,0
GGGATG,0,0
GGGACA,0,0
GGGACT,0,0
GGGACC,0,0
GGGACG,0,0
GGGAGA,0,0
GGGAGT,0,0
GGGAGC,0,0
GGGAGG,0,0
GGGTAT,1,0
GGGTAC,0,0
GGGTTA,0,0
GGGTTT,0,0
GGGTTC,0,0
GGGTTG,0,0
GGGTCA,0,0
GGGTCT,0,0
GGGTCC,0,0
GGGTCG,0,0
GGGTGT,0,0
GGGTGC,0,0
GGGTGG,0,0
GGGCAA,1,0
GGGCAT,1,0
GGGCAC,0,0
GGGCAG,0,0
GGGCTA,0,0
GGGCTT,0,0
GGGCTC,0,0
GGGCTG,0,0
GGGCCA,0,0
GGGCCT,0,0
GGGCCC,0,0
GGGCCG,1,0
GGGCGA,0,0
GGGCGT,0,0
GGGCGC,0,0
GGGCGG,0,0
GGGGAA,0,0
GGGGAT,1,0
GGGGAC,0,0
GGGGAG,0,0
GGGGTA,0,0
GGGGTT,0,0
GGGGTC,0,0
GGGGTG,2,0
GGGGCA,0,0
GGGGCT,0,0
GGGGCC,1,0
GGGGCG,0,0
GGGGGA,0,0
GGGGGT,0,0
GGGGGC,0,0
GGGGGG,0,0
