"bicodon","referencia","conservacion"
"AAAAAA",1136,33
"AAAAAT",1013,41
"AAAAAC",1346,37
"AAAAAG",3001,137
"AAAATA",803,32
"AAAATT",892,40
"AAAATC",1444,82
"AAAATG",1683,276
"AAAACA",818,13
"AAAACT",659,22
"AAAACC",1182,26
"AAAACG",1109,24
"AAAAGA",463,14
"AAAAGT",599,19
"AAAAGC",864,17
"AAAAGG",448,5
"AAATAT",798,62
"AAATAC",1188,78
"AAATTA",352,32
"AAATTT",589,33
"AAATTC",1231,60
"AAATTG",1131,60
"AAATCA",741,29
"AAATCT",576,11
"AAATCC",1345,19
"AAATCG",1269,36
"AAATGT",333,23
"AAATGC",756,41
"AAATGG",677,126
"AAACAA",918,39
"AAACAT",526,20
"AAACAC",682,22
"AAACAG",1862,53
"AAACTA",845,10
"AAACTT",704,15
"AAACTC",809,10
"AAACTG",2791,37
"AAACCA",918,18
"AAACCT",401,4
"AAACCC",907,12
"AAACCG",916,12
"AAACGA",682,7
"AAACGT",580,34
"AAACGC",1016,22
"AAACGG",571,0
"AAAGAA",1023,29
"AAAGAT",1096,61
"AAAGAC",854,55
"AAAGAG",1614,53
"AAAGTA",469,20
"AAAGTT",697,29
"AAAGTC",678,29
"AAAGTG",1608,65
"AAAGCA",666,11
"AAAGCT",658,19
"AAAGCC",1146,35
"AAAGCG",730,16
"AAAGGA",714,12
"AAAGGT",449,14
"AAAGGC",641,19
"AAAGGG",149,2
"AATAAA",698,39
"AATAAT",1309,47
"AATAAC",1337,16
"AATAAG",1184,28
"AATATA",753,13
"AATATT",1015,29
"AATATC",1120,16
"AATATG",1230,90
"AATACA",555,8
"AATACT",408,6
"AATACC",894,7
"AATACG",859,23
"AATAGA",259,7
"AATAGT",638,11
"AATAGC",1124,18
"AATAGG",282,4
"AATTAT",483,27
"AATTAC",650,23
"AATTTA",459,42
"AATTTT",673,15
"AATTTC",1099,48
"AATTTG",1352,53
"AATTCA",578,17
"AATTCT",405,4
"AATTCC",1065,23
"AATTCG",972,25
"AATTGT",401,16
"AATTGC",856,26
"AATTGG",559,67
"AATCAA",1129,73
"AATCAT",721,51
"AATCAC",1123,54
"AATCAG",2094,113
"AATCTA",836,21
"AATCTT",939,10
"AATCTC",1475,78
"AATCTG",3485,97
"AATCCA",1293,50
"AATCCT",905,10
"AATCCC",2513,171
"AATCCG",1909,81
"AATCGA",741,5
"AATCGT",699,19
"AATCGC",1727,96
"AATCGG",729,5
"AATGAA",1418,53
"AATGAT",1433,60
"AATGAC",1307,29
"AATGAG",2149,80
"AATGTA",692,10
"AATGTT",946,20
"AATGTC",1443,33
"AATGTG",3118,205
"AATGCA",1289,30
"AATGCT",1217,18
"AATGCC",3641,190
"AATGCG",1430,44
"AATGGA",2091,33
"AATGGT",1240,20
"AATGGC",2963,152
"AATGGG",710,7
"AACAAA",1923,93
"AACAAT",2857,164
"AACAAC",4470,232
"AACAAG",4389,461
"AACATA",1217,31
"AACATT",1797,74
"AACATC",2737,95
"AACATG",2387,321
"AACACA",1098,40
"AACACT",872,6
"AACACC",2136,42
"AACACG",1509,22
"AACAGA",405,11
"AACAGT",1112,29
"AACAGC",2778,137
"AACAGG",510,6
"AACTAT",1619,122
"AACTAC",2766,153
"AACTTA",322,3
"AACTTT",2132,133
"AACTTC",2653,100
"AACTTG",1221,16
"AACTCA",898,11
"AACTCT",662,8
"AACTCC",2042,45
"AACTCG",1913,26
"AACTGT",585,24
"AACTGC",1651,83
"AACTGG",1342,243
"AACCAA",1106,21
"AACCAT",787,11
"AACCAC",1250,22
"AACCAG",2646,42
"AACCTA",667,3
"AACCTT",593,2
"AACCTC",835,9
"AACCTG",2666,19
"AACCCA",486,5
"AACCCT",201,3
"AACCCC",527,2
"AACCCG",534,1
"AACCGA",627,1
"AACCGT",438,9
"AACCGC",1181,7
"AACCGG",617,3
"AACGAA",2162,43
"AACGAT",2766,149
"AACGAC",2261,49
"AACGAG",4299,224
"AACGTA",485,7
"AACGTT",676,7
"AACGTC",733,8
"AACGTG",1847,19
"AACGCA",725,8
"AACGCT",695,5
"AACGCC",2074,17
"AACGCG",637,3
"AACGGA",1616,11
"AACGGT",780,8
"AACGGC",1895,38
"AACGGG",498,2
"AAGAAA",2755,165
"AAGAAT",2131,159
"AAGAAC",3993,349
"AAGAAG",7663,1165
"AAGATA",1186,48
"AAGATT",1794,46
"AAGATC",3885,236
"AAGATG",2698,398
"AAGACA",1142,35
"AAGACT",961,70
"AAGACC",2630,136
"AAGACG",2131,80
"AAGAGA",650,11
"AAGAGT",1103,37
"AAGAGC",2555,251
"AAGAGG",898,3
"AAGTAT",1211,64
"AAGTAC",3124,160
"AAGTTA",435,8
"AAGTTT",1638,53
"AAGTTC",3421,257
"AAGTTG",1925,12
"AAGTCA",954,19
"AAGTCT",713,8
"AAGTCC",2214,56
"AAGTCG",1999,42
"AAGTGT",675,15
"AAGTGC",2159,249
"AAGTGG",1441,211
"AAGCAA",2023,90
"AAGCAT",1283,119
"AAGCAC",2512,231
"AAGCAG",4930,397
"AAGCTA",1430,9
"AAGCTT",1029,9
"AAGCTC",1723,43
"AAGCTG",6173,267
"AAGCCA",2001,50
"AAGCCT",712,6
"AAGCCC",2530,103
"AAGCCG",2269,78
"AAGCGA",1810,16
"AAGCGT",1434,49
"AAGCGC",2821,116
"AAGCGG",1941,20
"AAGGAA",3150,91
"AAGGAT",4526,454
"AAGGAC",4138,294
"AAGGAG",8162,1233
"AAGGTA",656,11
"AAGGTT",1179,26
"AAGGTC",1645,75
"AAGGTG",4121,342
"AAGGCA",1657,19
"AAGGCT",1613,24
"AAGGCC",3591,251
"AAGGCG",2761,74
"AAGGGA",1704,21
"AAGGGT",1488,55
"AAGGGC",2968,323
"AAGGGG",399,4
"ATAAAA",526,14
"ATAAAT",645,26
"ATAAAC",797,12
"ATAAAG",955,15
"ATAATA",314,9
"ATAATT",493,27
"ATAATC",679,19
"ATAATG",803,45
"ATAACA",434,12
"ATAACT",327,2
"ATAACC",885,20
"ATAACG",522,16
"ATAAGA",212,8
"ATAAGT",348,9
"ATAAGC",509,13
"ATAAGG",257,0
"ATATAT",425,8
"ATATAC",678,13
"ATATTA",211,17
"ATATTT",744,47
"ATATTC",1145,74
"ATATTG",601,33
"ATATCA",436,30
"ATATCT",306,5
"ATATCC",1092,29
"ATATCG",815,41
"ATATGT",177,5
"ATATGC",489,24
"ATATGG",245,22
"ATACAA",424,36
"ATACAT",224,16
"ATACAC",511,39
"ATACAG",724,52
"ATACTA",302,4
"ATACTT",362,7
"ATACTC",715,66
"ATACTG",1063,25
"ATACCA",653,40
"ATACCT",298,14
"ATACCC",1250,86
"ATACCG",708,36
"ATACGA",325,7
"ATACGT",289,14
"ATACGC",729,58
"ATACGG",314,4
"ATAGAA",572,14
"ATAGAT",692,22
"ATAGAC",684,12
"ATAGAG",837,9
"ATAGTA",228,6
"ATAGTT",348,6
"ATAGTC",429,9
"ATAGTG",813,3
"ATAGCA",445,6
"ATAGCT",495,9
"ATAGCC",1415,32
"ATAGCG",441,7
"ATAGGA",303,1
"ATAGGT",209,7
"ATAGGC",386,7
"ATAGGG",100,0
"ATTAAA",831,31
"ATTAAT",823,26
"ATTAAC",1036,21
"ATTAAG",1651,31
"ATTATA",532,17
"ATTATT",779,14
"ATTATC",1096,17
"ATTATG",953,50
"ATTACA",432,7
"ATTACT",303,5
"ATTACC",874,19
"ATTACG",706,5
"ATTAGA",163,5
"ATTAGT",443,15
"ATTAGC",819,22
"ATTAGG",276,5
"ATTTAT",510,29
"ATTTAC",958,19
"ATTTTA",369,21
"ATTTTT",566,10
"ATTTTC",1119,19
"ATTTTG",1191,29
"ATTTCA",436,7
"ATTTCT",353,3
"ATTTCC",1050,17
"ATTTCG",945,13
"ATTTGT",386,9
"ATTTGC",990,47
"ATTTGG",763,104
"ATTCAA",818,11
"ATTCAT",452,11
"ATTCAC",779,4
"ATTCAG",1663,22
"ATTCTA",518,4
"ATTCTT",550,1
"ATTCTC",907,5
"ATTCTG",2169,15
"ATTCCA",830,47
"ATTCCT",468,10
"ATTCCC",1624,28
"ATTCCG",1217,19
"ATTCGA",578,0
"ATTCGT",527,5
"ATTCGC",1278,10
"ATTCGG",544,3
"ATTGAA",1330,45
"ATTGAT",1416,65
"ATTGAC",1289,33
"ATTGAG",2173,104
"ATTGTA",587,15
"ATTGTT",850,29
"ATTGTC",1320,40
"ATTGTG",2792,159
"ATTGCA",729,25
"ATTGCT",878,24
"ATTGCC",2865,134
"ATTGCG",839,25
"ATTGGA",1394,24
"ATTGGT",927,25
"ATTGGC",2105,133
"ATTGGG",441,4
"ATCAAA",1482,48
"ATCAAT",2027,137
"ATCAAC",3155,149
"ATCAAG",4736,438
"ATCATA",921,21
"ATCATT",1597,51
"ATCATC",2776,93
"ATCATG",1918,178
"ATCACA",920,16
"ATCACT",687,1
"ATCACC",2525,71
"ATCACG",1159,14
"ATCAGA",295,9
"ATCAGT",983,23
"ATCAGC",1995,72
"ATCAGG",435,3
"ATCTAT",1125,58
"ATCTAC",2393,106
"ATCTTA",155,2
"ATCTTT",1474,30
"ATCTTC",2476,108
"ATCTTG",686,13
"ATCTCA",579,19
"ATCTCT",444,5
"ATCTCC",1437,24
"ATCTCG",1332,34
"ATCTGT",526,17
"ATCTGC",1621,56
"ATCTGG",1026,144
"ATCCAA",942,4
"ATCCAT",796,12
"ATCCAC",1239,8
"ATCCAG",2436,39
"ATCCTA",603,3
"ATCCTT",791,2
"ATCCTC",1232,1
"ATCCTG",3326,19
"ATCCCA",352,5
"ATCCCT",133,1
"ATCCCC",471,6
"ATCCCG",422,0
"ATCCGA",569,1
"ATCCGT",610,8
"ATCCGC",1194,14
"ATCCGG",769,1
"ATCGAA",1867,26
"ATCGAT",3032,202
"ATCGAC",2465,50
"ATCGAG",4204,201
"ATCGTA",440,3
"ATCGTT",857,9
"ATCGTC",1167,8
"ATCGTG",1757,8
"ATCGCA",591,7
"ATCGCT",670,2
"ATCGCC",2315,23
"ATCGCG",436,2
"ATCGGA",1013,4
"ATCGGT",830,13
"ATCGGC",1482,16
"ATCGGG",386,1
"ATGAAA",1129,117
"ATGAAT",1243,221
"ATGAAC",2225,386
"ATGAAG",3071,856
"ATGATA",661,94
"ATGATT",1058,129
"ATGATC",1733,194
"ATGATG",2172,1022
"ATGACA",656,49
"ATGACT",599,26
"ATGACC",1833,235
"ATGACG",1054,91
"ATGAGA",400,18
"ATGAGT",660,60
"ATGAGC",1495,297
"ATGAGG",537,9
"ATGTAT",565,84
"ATGTAC",1676,368
"ATGTTA",234,7
"ATGTTT",1000,128
"ATGTTC",1872,439
"ATGTTG",1153,80
"ATGTCA",574,45
"ATGTCT",504,25
"ATGTCC",1900,273
"ATGTCG",1412,155
"ATGTGT",356,23
"ATGTGC",1137,383
"ATGTGG",849,519
"ATGCAA",1298,100
"ATGCAT",768,105
"ATGCAC",1438,239
"ATGCAG",3218,671
"ATGCTA",726,10
"ATGCTT",686,11
"ATGCTC",1372,87
"ATGCTG",3701,350
"ATGCCA",1044,53
"ATGCCT",440,9
"ATGCCC",1805,226
"ATGCCG",1316,84
"ATGCGA",1009,18
"ATGCGT",814,50
"ATGCGC",1667,174
"ATGCGG",849,13
"ATGGAA",1780,121
"ATGGAT",2119,327
"ATGGAC",2755,392
"ATGGAG",4021,848
"ATGGTA",406,10
"ATGGTT",762,36
"ATGGTC",1309,121
"ATGGTG",2202,278
"ATGGCA",991,42
"ATGGCT",1156,56
"ATGGCC",3331,533
"ATGGCG",1199,76
"ATGGGA",960,28
"ATGGGT",1206,52
"ATGGGC",2545,441
"ATGGGG",249,5
"ACAAAA",597,20
"ACAAAT",861,31
"ACAAAC",780,17
"ACAAAG",1117,34
"ACAATA",394,34
"ACAATT",612,23
"ACAATC",510,10
"ACAATG",798,38
"ACAACA",1027,19
"ACAACT",584,5
"ACAACC",775,12
"ACAACG",890,23
"ACAAGA",202,6
"ACAAGT",410,8
"ACAAGC",431,1
"ACAAGG",269,2
"ACATAT",431,48
"ACATAC",487,10
"ACATTA",183,10
"ACATTT",555,19
"ACATTC",781,85
"ACATTG",737,13
"ACATCA",559,18
"ACATCT",379,4
"ACATCC",977,19
"ACATCG",1011,18
"ACATGT",169,10
"ACATGC",321,14
"ACATGG",249,12
"ACACAA",529,17
"ACACAT",337,12
"ACACAC",429,5
"ACACAG",967,27
"ACACTA",306,4
"ACACTT",345,3
"ACACTC",446,9
"ACACTG",1352,9
"ACACCA",898,15
"ACACCT",430,13
"ACACCC",1000,11
"ACACCG",951,11
"ACACGA",269,2
"ACACGT",265,15
"ACACGC",494,16
"ACACGG",251,3
"ACAGAA",689,7
"ACAGAT",836,35
"ACAGAC",636,18
"ACAGAG",1103,20
"ACAGTA",273,13
"ACAGTT",453,11
"ACAGTC",387,8
"ACAGTG",1061,10
"ACAGCA",917,15
"ACAGCT",704,13
"ACAGCC",1120,8
"ACAGCG",695,6
"ACAGGA",610,4
"ACAGGT",313,16
"ACAGGC",484,7
"ACAGGG",154,2
"ACTAAA",379,3
"ACTAAT",351,4
"ACTAAC",328,9
"ACTAAG",514,3
"ACTATA",245,7
"ACTATT",464,6
"ACTATC",334,2
"ACTATG",337,5
"ACTACA",386,3
"ACTACT",347,3
"ACTACC",444,3
"ACTACG",401,1
"ACTAGA",122,3
"ACTAGT",286,11
"ACTAGC",449,3
"ACTAGG",134,0
"ACTTAT",261,5
"ACTTAC",381,3
"ACTTTA",282,6
"ACTTTT",446,3
"ACTTTC",593,5
"ACTTTG",1001,4
"ACTTCA",431,5
"ACTTCT",341,3
"ACTTCC",694,9
"ACTTCG",690,5
"ACTTGT",211,1
"ACTTGC",431,9
"ACTTGG",333,6
"ACTCAA",466,9
"ACTCAT",254,1
"ACTCAC",318,1
"ACTCAG",784,7
"ACTCTA",379,5
"ACTCTT",382,1
"ACTCTC",382,2
"ACTCTG",1415,5
"ACTCCA",820,2
"ACTCCT",573,4
"ACTCCC",836,2
"ACTCCG",973,3
"ACTCGA",275,1
"ACTCGT",296,1
"ACTCGC",516,5
"ACTCGG",213,1
"ACTGAA",699,15
"ACTGAT",643,18
"ACTGAC",454,6
"ACTGAG",912,12
"ACTGTA",299,5
"ACTGTT",517,7
"ACTGTC",509,14
"ACTGTG",1127,32
"ACTGCA",684,8
"ACTGCT",696,6
"ACTGCC",1369,35
"ACTGCG",503,2
"ACTGGA",982,7
"ACTGGT",648,9
"ACTGGC",1241,21
"ACTGGG",330,0
"ACCAAA",1715,107
"ACCAAT",2044,69
"ACCAAC",2474,95
"ACCAAG",4114,257
"ACCATA",935,40
"ACCATT",2163,45
"ACCATC",2574,77
"ACCATG",1984,253
"ACCACA",1727,25
"ACCACT",1401,4
"ACCACC",3458,96
"ACCACG",1709,19
"ACCAGA",419,8
"ACCAGT",1262,15
"ACCAGC",2352,126
"ACCAGG",574,2
"ACCTAT",1080,38
"ACCTAC",1783,88
"ACCTTA",229,2
"ACCTTT",1207,21
"ACCTTC",2069,90
"ACCTTG",1009,7
"ACCTCA",640,13
"ACCTCT",491,5
"ACCTCC",1484,17
"ACCTCG",1365,18
"ACCTGT",569,22
"ACCTGC",1331,114
"ACCTGG",888,133
"ACCCAA",996,9
"ACCCAT",676,13
"ACCCAC",1179,24
"ACCCAG",1902,31
"ACCCTA",439,3
"ACCCTT",531,3
"ACCCTC",758,6
"ACCCTG",2189,10
"ACCCCA",370,0
"ACCCCT",168,0
"ACCCCC",382,1
"ACCCCG",466,2
"ACCCGA",346,1
"ACCCGT",389,4
"ACCCGC",841,10
"ACCCGG",375,0
"ACCGAA",1462,31
"ACCGAT",1641,56
"ACCGAC",1359,24
"ACCGAG",2262,63
"ACCGTA",417,4
"ACCGTT",764,5
"ACCGTC",950,23
"ACCGTG",1522,13
"ACCGCA",573,8
"ACCGCT",833,9
"ACCGCC",2289,46
"ACCGCG",401,2
"ACCGGA",1044,3
"ACCGGT",687,12
"ACCGGC",1468,46
"ACCGGG",282,1
"ACGAAA",686,23
"ACGAAT",885,32
"ACGAAC",931,8
"ACGAAG",978,9
"ACGATA",406,48
"ACGATT",605,13
"ACGATC",735,10
"ACGATG",791,22
"ACGACA",553,12
"ACGACT",349,1
"ACGACC",739,8
"ACGACG",821,13
"ACGAGA",205,5
"ACGAGT",378,9
"ACGAGC",658,14
"ACGAGG",294,2
"ACGTAT",323,7
"ACGTAC",650,13
"ACGTTA",175,12
"ACGTTT",403,5
"ACGTTC",665,13
"ACGTTG",668,5
"ACGTCA",278,7
"ACGTCT",222,2
"ACGTCC",569,14
"ACGTCG",640,9
"ACGTGT",179,4
"ACGTGC",392,13
"ACGTGG",341,21
"ACGCAA",774,21
"ACGCAT",513,17
"ACGCAC",990,58
"ACGCAG",1706,37
"ACGCTA",488,3
"ACGCTT",537,9
"ACGCTC",974,17
"ACGCTG",2677,41
"ACGCCA",1126,26
"ACGCCT",585,6
"ACGCCC",2334,97
"ACGCCG",1532,40
"ACGCGA",478,2
"ACGCGT",458,6
"ACGCGC",833,20
"ACGCGG",468,2
"ACGGAA",1450,26
"ACGGAT",1988,45
"ACGGAC",1784,37
"ACGGAG",2771,80
"ACGGTA",312,4
"ACGGTT",539,4
"ACGGTC",678,13
"ACGGTG",1947,39
"ACGGCA",871,7
"ACGGCT",855,5
"ACGGCC",1979,64
"ACGGCG",1330,22
"ACGGGA",896,4
"ACGGGT",737,11
"ACGGGC",1571,45
"ACGGGG",268,5
"AGAAAA",449,20
"AGAAAT",482,8
"AGAAAC",539,8
"AGAAAG",661,10
"AGAATA",186,6
"AGAATT",271,3
"AGAATC",346,5
"AGAATG",318,21
"AGAACA",195,6
"AGAACT",210,3
"AGAACC",339,13
"AGAACG",199,3
"AGAAGA",279,8
"AGAAGT",330,4
"AGAAGC",336,3
"AGAAGG",281,1
"AGATAT",224,10
"AGATAC",294,9
"AGATTA",167,9
"AGATTT",288,15
"AGATTC",469,15
"AGATTG",413,5
"AGATCA",219,9
"AGATCT",214,7
"AGATCC",453,3
"AGATCG",376,5
"AGATGT",130,1
"AGATGC",183,6
"AGATGG",144,15
"AGACAA",242,6
"AGACAT",147,8
"AGACAC",170,4
"AGACAG",384,8
"AGACTA",147,1
"AGACTT",196,6
"AGACTC",163,3
"AGACTG",459,38
"AGACCA",312,3
"AGACCT",178,1
"AGACCC",387,5
"AGACCG",223,5
"AGACGA",188,2
"AGACGT",220,5
"AGACGC",408,8
"AGACGG",114,3
"AGAGAA",357,9
"AGAGAT",507,20
"AGAGAC",262,9
"AGAGAG",453,5
"AGAGTA",113,3
"AGAGTT",215,3
"AGAGTC",137,2
"AGAGTG",342,1
"AGAGCA",253,2
"AGAGCT",334,1
"AGAGCC",502,4
"AGAGCG",215,3
"AGAGGA",316,2
"AGAGGT",180,5
"AGAGGC",229,5
"AGAGGG",46,1
"AGTAAA",419,19
"AGTAAT",555,13
"AGTAAC",502,7
"AGTAAG",444,11
"AGTATA",222,6
"AGTATT",459,41
"AGTATC",349,3
"AGTATG",335,6
"AGTACA",276,17
"AGTACT",266,4
"AGTACC",424,7
"AGTACG",325,2
"AGTAGA",144,2
"AGTAGT",440,9
"AGTAGC",871,7
"AGTAGG",135,1
"AGTTAT",299,8
"AGTTAC",418,6
"AGTTTA",276,9
"AGTTTT",647,27
"AGTTTC",843,14
"AGTTTG",964,12
"AGTTCA",460,12
"AGTTCT",404,3
"AGTTCC",1200,22
"AGTTCG",927,10
"AGTTGT",294,4
"AGTTGC",484,9
"AGTTGG",383,22
"AGTCAA",534,27
"AGTCAT",390,16
"AGTCAC",544,14
"AGTCAG",992,19
"AGTCTA",348,8
"AGTCTT",394,5
"AGTCTC",508,7
"AGTCTG",1502,13
"AGTCCA",696,17
"AGTCCT",446,9
"AGTCCC",1261,53
"AGTCCG",1137,33
"AGTCGA",415,4
"AGTCGT",393,7
"AGTCGC",1024,48
"AGTCGG",374,2
"AGTGAA",895,17
"AGTGAT",1096,31
"AGTGAC",778,12
"AGTGAG",1079,5
"AGTGTA",357,2
"AGTGTT",573,5
"AGTGTC",746,5
"AGTGTG",1261,15
"AGTGCA",775,13
"AGTGCT",822,6
"AGTGCC",2078,41
"AGTGCG",783,7
"AGTGGA",1264,5
"AGTGGT",874,7
"AGTGGC",1780,20
"AGTGGG",448,1
"AGCAAA",1550,93
"AGCAAT",2186,147
"AGCAAC",3086,155
"AGCAAG",2994,278
"AGCATA",740,46
"AGCATT",1574,82
"AGCATC",1861,111
"AGCATG",1529,430
"AGCACA",970,28
"AGCACT",909,8
"AGCACC",2186,100
"AGCACG",1025,19
"AGCAGA",407,9
"AGCAGT",1928,37
"AGCAGC",4564,372
"AGCAGG",490,2
"AGCTAT",1149,77
"AGCTAC",1778,123
"AGCTTA",324,7
"AGCTTT",1174,33
"AGCTTC",1799,108
"AGCTTG",976,8
"AGCTCA",737,10
"AGCTCT",659,4
"AGCTCC",2142,61
"AGCTCG",1155,20
"AGCTGT",514,21
"AGCTGC",1157,93
"AGCTGG",709,156
"AGCCAA",905,10
"AGCCAT",608,14
"AGCCAC",1007,31
"AGCCAG",2028,70
"AGCCTA",397,1
"AGCCTT",448,6
"AGCCTC",661,6
"AGCCTG",2056,29
"AGCCCA",311,2
"AGCCCT",142,2
"AGCCCC",511,13
"AGCCCG",344,3
"AGCCGA",342,3
"AGCCGT",270,9
"AGCCGC",682,11
"AGCCGG",484,5
"AGCGAA",1632,43
"AGCGAT",2327,126
"AGCGAC",1843,59
"AGCGAG",2818,173
"AGCGTA",360,4
"AGCGTT",704,12
"AGCGTC",665,9
"AGCGTG",1339,29
"AGCGCA",434,4
"AGCGCT",518,9
"AGCGCC",1654,65
"AGCGCG",323,3
"AGCGGA",1164,10
"AGCGGT",912,14
"AGCGGC",1902,74
"AGCGGG",458,3
"AGGAAA",587,14
"AGGAAT",600,6
"AGGAAC",763,4
"AGGAAG",858,5
"AGGATA",308,4
"AGGATT",561,5
"AGGATC",610,5
"AGGATG",410,6
"AGGACA",265,2
"AGGACT",225,1
"AGGACC",385,1
"AGGACG",337,2
"AGGAGA",250,3
"AGGAGT",329,0
"AGGAGC",565,5
"AGGAGG",248,1
"AGGTAT",164,2
"AGGTAC",225,7
"AGGTTA",80,2
"AGGTTT",173,5
"AGGTTC",266,4
"AGGTTG",213,1
"AGGTCA",133,4
"AGGTCT",100,1
"AGGTCC",237,1
"AGGTCG",205,1
"AGGTGT",104,1
"AGGTGC",206,5
"AGGTGG",131,7
"AGGCAA",436,7
"AGGCAT",284,3
"AGGCAC",372,3
"AGGCAG",852,3
"AGGCTA",206,2
"AGGCTT",156,3
"AGGCTC",228,3
"AGGCTG",576,4
"AGGCCA",346,5
"AGGCCT",130,0
"AGGCCC",344,2
"AGGCCG",286,1
"AGGCGA",389,4
"AGGCGT",313,3
"AGGCGC",490,2
"AGGCGG",338,1
"AGGGAA",763,4
"AGGGAT",969,5
"AGGGAC",667,5
"AGGGAG",1246,9
"AGGGTA",145,0
"AGGGTT",212,1
"AGGGTC",263,0
"AGGGTG",440,1
"AGGGCA",331,1
"AGGGCT",306,2
"AGGGCC",588,3
"AGGGCG",352,0
"AGGGGA",283,3
"AGGGGT",222,2
"AGGGGC",441,3
"AGGGGG",75,0
"TATAAA",312,11
"TATAAT",488,14
"TATAAC",476,6
"TATAAG",622,15
"TATATA",477,18
"TATATT",500,13
"TATATC",533,9
"TATATG",777,37
"TATACA",233,7
"TATACT",192,1
"TATACC",440,9
"TATACG",489,6
"TATAGA",162,3
"TATAGT",239,2
"TATAGC",404,10
"TATAGG",163,1
"TATTAT",329,23
"TATTAC",514,13
"TATTTA",272,12
"TATTTT",426,14
"TATTTC",706,33
"TATTTG",1074,47
"TATTCA",193,6
"TATTCT",159,2
"TATTCC",565,17
"TATTCG",490,12
"TATTGT",231,8
"TATTGC",430,21
"TATTGG",329,35
"TATCAA",520,23
"TATCAT",466,27
"TATCAC",640,28
"TATCAG",1255,97
"TATCTA",425,6
"TATCTT",351,4
"TATCTC",542,17
"TATCTG",2230,64
"TATCCA",707,35
"TATCCT",386,6
"TATCCC",1196,76
"TATCCG",1247,78
"TATCGA",379,7
"TATCGT",432,11
"TATCGC",1173,60
"TATCGG",345,4
"TATGAA",677,25
"TATGAT",840,33
"TATGAC",740,18
"TATGAG",1215,46
"TATGTA",384,9
"TATGTT",433,11
"TATGTC",636,17
"TATGTG",2172,192
"TATGCA",533,15
"TATGCT",552,5
"TATGCC",1881,81
"TATGCG",889,41
"TATGGA",904,12
"TATGGT",521,13
"TATGGC",1269,63
"TATGGG",258,0
"TACAAA",1217,80
"TACAAT",1747,164
"TACAAC",2424,181
"TACAAG",3455,539
"TACATA",901,23
"TACATT",1109,39
"TACATC",1828,78
"TACATG",1706,248
"TACACA",776,27
"TACACT",500,3
"TACACC",1626,48
"TACACG",1247,30
"TACAGA",398,21
"TACAGT",701,30
"TACAGC",1419,105
"TACAGG",522,13
"TACTAT",1080,59
"TACTAC",2069,113
"TACTTA",217,10
"TACTTT",1337,87
"TACTTC",2113,104
"TACTTG",1144,28
"TACTCA",422,9
"TACTCT",317,4
"TACTCC",1457,38
"TACTCG",1141,41
"TACTGT",433,20
"TACTGC",1240,89
"TACTGG",916,159
"TACCAA",793,25
"TACCAT",652,19
"TACCAC",1091,19
"TACCAG",2214,70
"TACCTA",502,3
"TACCTT",395,4
"TACCTC",683,32
"TACCTG",2073,46
"TACCCA",303,5
"TACCCT",108,1
"TACCCC",401,5
"TACCCG",411,5
"TACCGA",443,0
"TACCGT",351,9
"TACCGC",1341,17
"TACCGG",459,3
"TACGAA",1383,20
"TACGAT",2408,157
"TACGAC",2226,64
"TACGAG",3341,252
"TACGTA",352,5
"TACGTT",502,1
"TACGTC",591,3
"TACGTG",1504,29
"TACGCA",478,8
"TACGCT",478,3
"TACGCC",1907,19
"TACGCG",528,2
"TACGGA",1161,4
"TACGGT",595,10
"TACGGC",1758,32
"TACGGG",309,0
"TTAAAA",450,8
"TTAAAT",534,19
"TTAAAC",447,5
"TTAAAG",684,11
"TTAATA",271,15
"TTAATT",352,21
"TTAATC",296,10
"TTAATG",377,17
"TTAACA",211,13
"TTAACT",222,4
"TTAACC",317,8
"TTAACG",218,6
"TTAAGA",174,8
"TTAAGT",302,10
"TTAAGC",337,10
"TTAAGG",198,2
"TTATAT",173,10
"TTATAC",148,7
"TTATTA",103,13
"TTATTT",195,13
"TTATTC",216,13
"TTATTG",223,12
"TTATCA",170,7
"TTATCT",137,3
"TTATCC",348,8
"TTATCG",255,9
"TTATGT",74,5
"TTATGC",116,4
"TTATGG",107,4
"TTACAA",206,7
"TTACAT",118,6
"TTACAC",141,3
"TTACAG",286,10
"TTACTA",136,1
"TTACTT",186,9
"TTACTC",229,3
"TTACTG",385,6
"TTACCA",272,7
"TTACCT",148,3
"TTACCC",277,3
"TTACCG",170,2
"TTACGA",108,3
"TTACGT",117,11
"TTACGC",178,5
"TTACGG",86,1
"TTAGAA",265,13
"TTAGAT",359,22
"TTAGAC",243,5
"TTAGAG",419,6
"TTAGTA",130,7
"TTAGTT",177,10
"TTAGTC",150,6
"TTAGTG",264,5
"TTAGCA",196,4
"TTAGCT",263,6
"TTAGCC",402,8
"TTAGCG",152,3
"TTAGGA",163,6
"TTAGGT",125,8
"TTAGGC",193,7
"TTAGGG",46,0
"TTTAAA",574,23
"TTTAAT",836,21
"TTTAAC",942,8
"TTTAAG",1514,35
"TTTATA",576,29
"TTTATT",741,25
"TTTATC",812,14
"TTTATG",1052,94
"TTTACA",405,14
"TTTACT",311,5
"TTTACC",713,10
"TTTACG",683,20
"TTTAGA",164,8
"TTTAGT",439,13
"TTTAGC",823,10
"TTTAGG",254,9
"TTTTAT",430,15
"TTTTAC",672,9
"TTTTTA",230,16
"TTTTTT",349,16
"TTTTTC",719,25
"TTTTTG",823,17
"TTTTCA",312,10
"TTTTCT",234,2
"TTTTCC",615,6
"TTTTCG",599,11
"TTTTGT",266,10
"TTTTGC",535,13
"TTTTGG",504,36
"TTTCAA",590,27
"TTTCAT",369,16
"TTTCAC",655,26
"TTTCAG",1123,43
"TTTCTA",444,10
"TTTCTT",444,11
"TTTCTC",751,22
"TTTCTG",1834,35
"TTTCCA",532,16
"TTTCCT",268,5
"TTTCCC",1231,62
"TTTCCG",811,29
"TTTCGA",358,2
"TTTCGT",317,18
"TTTCGC",792,28
"TTTCGG",454,6
"TTTGAA",921,25
"TTTGAT",1365,59
"TTTGAC",1233,26
"TTTGAG",2085,73
"TTTGTA",476,5
"TTTGTT",683,19
"TTTGTC",989,30
"TTTGTG",2574,190
"TTTGCA",628,14
"TTTGCT",780,10
"TTTGCC",2449,160
"TTTGCG",796,13
"TTTGGA",1262,8
"TTTGGT",891,14
"TTTGGC",2129,124
"TTTGGG",457,0
"TTCAAA",984,43
"TTCAAT",1916,172
"TTCAAC",2363,133
"TTCAAG",3739,536
"TTCATA",787,44
"TTCATT",1230,53
"TTCATC",2361,136
"TTCATG",1802,304
"TTCACA",680,29
"TTCACT",549,7
"TTCACC",2235,143
"TTCACG",964,18
"TTCAGA",217,12
"TTCAGT",928,36
"TTCAGC",1612,104
"TTCAGG",399,13
"TTCTAT",1188,117
"TTCTAC",2370,212
"TTCTTA",172,4
"TTCTTT",1633,146
"TTCTTC",2701,352
"TTCTTG",828,32
"TTCTCA",486,23
"TTCTCT",375,3
"TTCTCC",1710,112
"TTCTCG",1263,71
"TTCTGT",511,32
"TTCTGC",1337,139
"TTCTGG",1109,388
"TTCCAA",905,45
"TTCCAT",897,80
"TTCCAC",1352,66
"TTCCAG",2774,331
"TTCCTA",661,23
"TTCCTT",846,10
"TTCCTC",1684,43
"TTCCTG",3581,99
"TTCCCA",460,15
"TTCCCT",245,2
"TTCCCC",1038,61
"TTCCCG",716,12
"TTCCGA",599,5
"TTCCGT",772,36
"TTCCGC",1640,82
"TTCCGG",985,9
"TTCGAA",1140,15
"TTCGAT",2644,168
"TTCGAC",2249,52
"TTCGAG",3751,235
"TTCGTA",407,7
"TTCGTT",759,13
"TTCGTC",1187,14
"TTCGTG",1873,18
"TTCGCA",452,5
"TTCGCT",580,9
"TTCGCC",2453,40
"TTCGCG",454,1
"TTCGGA",1035,5
"TTCGGT",904,19
"TTCGGC",1698,21
"TTCGGG",461,0
"TTGAAA",756,18
"TTGAAT",928,21
"TTGAAC",1073,13
"TTGAAG",1611,29
"TTGATA",459,6
"TTGATT",773,21
"TTGATC",899,10
"TTGATG",900,23
"TTGACA",376,15
"TTGACT",431,6
"TTGACC",1077,15
"TTGACG",565,10
"TTGAGA",308,2
"TTGAGT",637,7
"TTGAGC",947,7
"TTGAGG",414,1
"TTGTAT",471,13
"TTGTAC",832,6
"TTGTTA",173,10
"TTGTTT",521,11
"TTGTTC",806,10
"TTGTTG",604,7
"TTGTCA",269,4
"TTGTCT",259,1
"TTGTCC",1007,8
"TTGTCG",592,10
"TTGTGT",249,6
"TTGTGC",656,11
"TTGTGG",539,15
"TTGCAA",981,21
"TTGCAT",649,34
"TTGCAC",825,15
"TTGCAG",2029,30
"TTGCTA",581,3
"TTGCTT",577,6
"TTGCTC",1027,18
"TTGCTG",2287,24
"TTGCCA",986,21
"TTGCCT",423,2
"TTGCCC",1486,26
"TTGCCG",995,9
"TTGCGA",583,3
"TTGCGT",598,13
"TTGCGC",1164,22
"TTGCGG",499,2
"TTGGAA",1474,38
"TTGGAT",2095,61
"TTGGAC",1916,22
"TTGGAG",3098,59
"TTGGTA",425,8
"TTGGTT",788,9
"TTGGTC",1016,12
"TTGGTG",1818,21
"TTGGCA",876,13
"TTGGCT",1180,14
"TTGGCC",3404,57
"TTGGCG",1017,12
"TTGGGA",1006,8
"TTGGGT",1135,15
"TTGGGC",1990,27
"TTGGGG",247,3
"TCAAAA",477,11
"TCAAAT",643,12
"TCAAAC",556,6
"TCAAAG",959,18
"TCAATA",267,7
"TCAATT",405,21
"TCAATC",288,4
"TCAATG",587,13
"TCAACA",432,14
"TCAACT",334,5
"TCAACC",384,4
"TCAACG",629,11
"TCAAGA",161,5
"TCAAGT",366,7
"TCAAGC",364,2
"TCAAGG",214,3
"TCATAT",252,12
"TCATAC",242,7
"TCATTA",165,14
"TCATTT",347,16
"TCATTC",363,21
"TCATTG",512,12
"TCATCA",501,15
"TCATCT",400,9
"TCATCC",865,14
"TCATCG",1027,29
"TCATGT",103,8
"TCATGC",159,2
"TCATGG",145,13
"TCACAA",376,13
"TCACAT",287,6
"TCACAC",278,8
"TCACAG",788,19
"TCACTA",219,4
"TCACTT",290,5
"TCACTC",250,6
"TCACTG",1077,10
"TCACCA",637,14
"TCACCT",323,4
"TCACCC",680,6
"TCACCG",740,5
"TCACGA",220,2
"TCACGT",242,13
"TCACGC",355,15
"TCACGG",179,1
"TCAGAA",380,6
"TCAGAT",589,5
"TCAGAC",356,5
"TCAGAG",725,11
"TCAGTA",185,8
"TCAGTT",307,4
"TCAGTC",196,3
"TCAGTG",621,8
"TCAGCA",504,4
"TCAGCT",542,6
"TCAGCC",668,6
"TCAGCG",572,2
"TCAGGA",426,2
"TCAGGT",218,8
"TCAGGC",302,1
"TCAGGG",125,2
"TCTAAA",249,3
"TCTAAT",310,1
"TCTAAC",263,1
"TCTAAG",495,1
"TCTATA",212,3
"TCTATT",376,5
"TCTATC",233,1
"TCTATG",322,3
"TCTACA",252,0
"TCTACT",227,0
"TCTACC",312,1
"TCTACG",331,0
"TCTAGA",117,2
"TCTAGT",312,20
"TCTAGC",372,6
"TCTAGG",167,1
"TCTTAT",183,1
"TCTTAC",229,3
"TCTTTA",173,0
"TCTTTT",261,3
"TCTTTC",280,4
"TCTTTG",470,2
"TCTTCA",380,4
"TCTTCT",291,1
"TCTTCC",532,13
"TCTTCG",584,4
"TCTTGT",119,1
"TCTTGC",193,0
"TCTTGG",198,5
"TCTCAA",298,8
"TCTCAT",205,6
"TCTCAC",243,2
"TCTCAG",563,11
"TCTCTA",228,3
"TCTCTT",227,1
"TCTCTC",187,1
"TCTCTG",908,4
"TCTCCA",465,3
"TCTCCT",312,1
"TCTCCC",426,3
"TCTCCG",537,3
"TCTCGA",244,0
"TCTCGT",236,3
"TCTCGC",376,7
"TCTCGG",168,0
"TCTGAA",481,2
"TCTGAT",525,7
"TCTGAC",371,9
"TCTGAG",701,6
"TCTGTA",266,4
"TCTGTT",365,10
"TCTGTC",269,3
"TCTGTG",918,23
"TCTGCA",476,4
"TCTGCT",565,8
"TCTGCC",866,6
"TCTGCG",437,1
"TCTGGA",790,6
"TCTGGT",568,3
"TCTGGC",905,18
"TCTGGG",247,1
"TCCAAA",1298,30
"TCCAAT",1905,53
"TCCAAC",2077,45
"TCCAAG",3632,238
"TCCATA",866,30
"TCCATT",1725,36
"TCCATC",1645,37
"TCCATG",1886,199
"TCCACA",1296,15
"TCCACT",948,5
"TCCACC",2112,47
"TCCACG",1813,18
"TCCAGA",419,8
"TCCAGT",1497,34
"TCCAGC",2313,100
"TCCAGG",518,6
"TCCTAT",770,25
"TCCTAC",1305,37
"TCCTTA",242,2
"TCCTTT",1080,20
"TCCTTC",1504,43
"TCCTTG",1044,9
"TCCTCA",697,9
"TCCTCT",523,2
"TCCTCC",1922,18
"TCCTCG",1917,24
"TCCTGT",449,15
"TCCTGC",1129,82
"TCCTGG",803,87
"TCCCAA",665,5
"TCCCAT",567,4
"TCCCAC",777,11
"TCCCAG",1644,21
"TCCCTA",439,2
"TCCCTT",478,1
"TCCCTC",584,6
"TCCCTG",2363,19
"TCCCCA",357,2
"TCCCCT",171,0
"TCCCCC",390,1
"TCCCCG",521,4
"TCCCGA",392,0
"TCCCGT",381,5
"TCCCGC",924,15
"TCCCGG",418,0
"TCCGAA",1007,12
"TCCGAT",1788,51
"TCCGAC",1326,15
"TCCGAG",2237,86
"TCCGTA",432,3
"TCCGTT",730,8
"TCCGTC",682,9
"TCCGTG",1701,25
"TCCGCA",690,11
"TCCGCT",815,6
"TCCGCC",2200,29
"TCCGCG",556,3
"TCCGGA",1250,0
"TCCGGT",905,17
"TCCGGC",1929,43
"TCCGGG",376,5
"TCGAAA",719,28
"TCGAAT",1155,52
"TCGAAC",1001,15
"TCGAAG",1424,37
"TCGATA",402,13
"TCGATT",736,17
"TCGATC",732,16
"TCGATG",1216,79
"TCGACA",429,7
"TCGACT",350,2
"TCGACC",631,12
"TCGACG",977,18
"TCGAGA",261,5
"TCGAGT",508,6
"TCGAGC",816,33
"TCGAGG",350,2
"TCGTAT",463,11
"TCGTAC",769,9
"TCGTTA",172,4
"TCGTTT",527,15
"TCGTTC",717,26
"TCGTTG",788,7
"TCGTCA",409,9
"TCGTCT",325,5
"TCGTCC",913,16
"TCGTCG",1253,15
"TCGTGT",182,11
"TCGTGC",399,14
"TCGTGG",471,39
"TCGCAA",860,11
"TCGCAT",797,35
"TCGCAC",1191,53
"TCGCAG",2516,98
"TCGCTA",583,7
"TCGCTT",569,2
"TCGCTC",760,17
"TCGCTG",3601,124
"TCGCCA",1313,16
"TCGCCT",488,2
"TCGCCC",1879,64
"TCGCCG",1934,54
"TCGCGA",591,4
"TCGCGT",652,18
"TCGCGC",965,25
"TCGCGG",580,1
"TCGGAA",1232,28
"TCGGAT",1788,65
"TCGGAC",1541,33
"TCGGAG",2708,129
"TCGGTA",324,5
"TCGGTT",588,7
"TCGGTC",533,10
"TCGGTG",2273,99
"TCGGCA",908,5
"TCGGCT",827,2
"TCGGCC",1846,81
"TCGGCG",1540,32
"TCGGGA",1017,10
"TCGGGT",698,12
"TCGGGC",1337,48
"TCGGGG",282,2
"TGTAAA",143,10
"TGTAAT",210,8
"TGTAAC",171,3
"TGTAAG",216,5
"TGTATA",107,3
"TGTATT",175,6
"TGTATC",157,1
"TGTATG",191,6
"TGTACA",120,7
"TGTACT",90,2
"TGTACC",148,2
"TGTACG",157,3
"TGTAGA",51,4
"TGTAGT",107,2
"TGTAGC",162,0
"TGTAGG",58,1
"TGTTAT",185,5
"TGTTAC",191,0
"TGTTTA",122,10
"TGTTTT",244,10
"TGTTTC",381,11
"TGTTTG",459,10
"TGTTCA",130,6
"TGTTCT",107,2
"TGTTCC",361,11
"TGTTCG",275,1
"TGTTGT",125,5
"TGTTGC",227,4
"TGTTGG",136,3
"TGTCAA",243,14
"TGTCAT",235,7
"TGTCAC",323,16
"TGTCAG",554,18
"TGTCTA",172,4
"TGTCTT",163,4
"TGTCTC",252,4
"TGTCTG",866,14
"TGTCCA",422,7
"TGTCCT",266,2
"TGTCCC",720,26
"TGTCCG",588,17
"TGTCGA",206,7
"TGTCGT",226,4
"TGTCGC",631,23
"TGTCGG",201,3
"TGTGAA",376,8
"TGTGAT",680,130
"TGTGAC",462,5
"TGTGAG",610,18
"TGTGTA",209,5
"TGTGTT",273,9
"TGTGTC",362,11
"TGTGTG",957,57
"TGTGCA",266,10
"TGTGCT",348,4
"TGTGCC",1016,35
"TGTGCG",402,11
"TGTGGA",449,4
"TGTGGT",317,2
"TGTGGC",812,21
"TGTGGG",138,1
"TGCAAA",716,36
"TGCAAT",1190,132
"TGCAAC",1445,166
"TGCAAG",2169,465
"TGCATA",428,29
"TGCATT",954,60
"TGCATC",1561,152
"TGCATG",1100,445
"TGCACA",473,17
"TGCACT",407,3
"TGCACC",1325,116
"TGCACG",662,22
"TGCAGA",186,10
"TGCAGT",619,29
"TGCAGC",1315,196
"TGCAGG",243,7
"TGCTAT",667,44
"TGCTAC",1053,88
"TGCTTA",137,1
"TGCTTT",716,30
"TGCTTC",1244,143
"TGCTTG",641,5
"TGCTCA",304,6
"TGCTCT",290,3
"TGCTCC",1268,70
"TGCTCG",688,26
"TGCTGT",426,28
"TGCTGC",951,128
"TGCTGG",577,274
"TGCCAA",584,29
"TGCCAT",437,34
"TGCCAC",817,73
"TGCCAG",1663,182
"TGCCTA",379,7
"TGCCTT",422,18
"TGCCTC",696,17
"TGCCTG",2116,83
"TGCCCA",273,5
"TGCCCT",105,0
"TGCCCC",597,39
"TGCCCG",462,12
"TGCCGA",345,1
"TGCCGT",311,9
"TGCCGC",999,46
"TGCCGG",489,2
"TGCGAA",859,27
"TGCGAT",1386,89
"TGCGAC",1351,73
"TGCGAG",2079,220
"TGCGTA",250,2
"TGCGTT",438,6
"TGCGTC",729,27
"TGCGTG",1059,20
"TGCGCA",210,0
"TGCGCT",315,1
"TGCGCC",1366,78
"TGCGCG",230,4
"TGCGGA",701,4
"TGCGGT",510,5
"TGCGGC",1535,132
"TGCGGG",197,1
"TGGAAA",572,65
"TGGAAT",699,117
"TGGAAC",1106,202
"TGGAAG",1506,507
"TGGATA",477,96
"TGGATT",580,47
"TGGATC",831,96
"TGGATG",948,597
"TGGACA",442,22
"TGGACT",294,5
"TGGACC",629,75
"TGGACG",683,61
"TGGAGA",120,4
"TGGAGT",334,44
"TGGAGC",751,195
"TGGAGG",187,2
"TGGTAT",416,102
"TGGTAC",689,110
"TGGTTA",133,8
"TGGTTT",479,68
"TGGTTC",1013,339
"TGGTTG",491,9
"TGGTCA",313,5
"TGGTCT",188,3
"TGGTCC",616,66
"TGGTCG",621,59
"TGGTGT",231,35
"TGGTGC",482,163
"TGGTGG",591,494
"TGGCAA",498,41
"TGGCAT",403,93
"TGGCAC",634,97
"TGGCAG",1417,376
"TGGCTA",472,6
"TGGCTT",316,2
"TGGCTC",436,19
"TGGCTG",2078,330
"TGGCCA",505,24
"TGGCCT",140,3
"TGGCCC",479,58
"TGGCCG",365,23
"TGGCGA",457,9
"TGGCGT",364,22
"TGGCGC",860,145
"TGGCGG",460,9
"TGGGAA",521,31
"TGGGAT",907,238
"TGGGAC",1009,163
"TGGGAG",1436,517
"TGGGTA",192,7
"TGGGTT",266,6
"TGGGTC",332,26
"TGGGTG",1102,243
"TGGGCA",357,12
"TGGGCT",323,5
"TGGGCC",908,158
"TGGGCG",468,32
"TGGGGA",406,12
"TGGGGT",382,27
"TGGGGC",922,246
"TGGGGG",54,2
"CAAAAA",970,30
"CAAAAT",1244,38
"CAAAAC",1401,17
"CAAAAG",2567,93
"CAAATA",699,34
"CAAATT",794,31
"CAAATC",1281,49
"CAAATG",1786,235
"CAAACA",705,24
"CAAACT",607,12
"CAAACC",839,16
"CAAACG",1217,25
"CAAAGA",474,22
"CAAAGT",683,18
"CAAAGC",795,21
"CAAAGG",595,5
"CAATAT",619,33
"CAATAC",618,17
"CAATTA",314,28
"CAATTT",558,22
"CAATTC",786,26
"CAATTG",1466,39
"CAATCA",462,20
"CAATCT",458,8
"CAATCC",989,9
"CAATCG",1208,36
"CAATGT",264,6
"CAATGC",442,13
"CAATGG",506,51
"CAACAA",1881,47
"CAACAT",765,21
"CAACAC",715,5
"CAACAG",3873,53
"CAACTA",634,3
"CAACTT",617,9
"CAACTC",575,6
"CAACTG",2752,24
"CAACCA",721,10
"CAACCT",392,3
"CAACCC",638,3
"CAACCG",914,13
"CAACGA",478,6
"CAACGT",469,15
"CAACGC",831,16
"CAACGG",464,1
"CAAGAA",765,17
"CAAGAT",749,24
"CAAGAC",537,14
"CAAGAG",1262,24
"CAAGTA",352,11
"CAAGTT",495,17
"CAAGTC",473,11
"CAAGTG",1500,57
"CAAGCA",565,11
"CAAGCT",592,5
"CAAGCC",849,15
"CAAGCG",762,9
"CAAGGA",822,17
"CAAGGT",387,18
"CAAGGC",595,16
"CAAGGG",178,2
"CATAAA",282,14
"CATAAT",398,12
"CATAAC",357,4
"CATAAG",490,11
"CATATA",265,4
"CATATT",361,12
"CATATC",422,22
"CATATG",499,21
"CATACA",204,6
"CATACT",170,2
"CATACC",286,6
"CATACG",361,5
"CATAGA",137,5
"CATAGT",216,5
"CATAGC",338,5
"CATAGG",108,3
"CATTAT",377,14
"CATTAC",402,7
"CATTTA",314,26
"CATTTT",415,14
"CATTTC",648,31
"CATTTG",1255,51
"CATTCA",223,8
"CATTCT",167,2
"CATTCC",605,81
"CATTCG",639,11
"CATTGT",220,8
"CATTGC",438,18
"CATTGG",331,27
"CATCAA",639,15
"CATCAT",1065,48
"CATCAC",1073,35
"CATCAG",1826,97
"CATCTA",369,0
"CATCTT",413,6
"CATCTC",592,10
"CATCTG",1932,34
"CATCCA",774,22
"CATCCT",491,4
"CATCCC",1196,69
"CATCCG",1604,110
"CATCGA",462,2
"CATCGT",484,12
"CATCGC",1190,63
"CATCGG",482,3
"CATGAA",538,8
"CATGAT",539,12
"CATGAC",528,14
"CATGAG",897,21
"CATGTA",247,2
"CATGTT",401,11
"CATGTC",652,13
"CATGTG",1625,96
"CATGCA",380,3
"CATGCT",483,5
"CATGCC",1435,75
"CATGCG",616,20
"CATGGA",753,9
"CATGGT",472,3
"CATGGC",1069,50
"CATGGG",219,2
"CACAAA",1094,48
"CACAAT",1575,125
"CACAAC",1958,120
"CACAAG",2927,481
"CACATA",743,33
"CACATT",1171,44
"CACATC",1937,105
"CACATG",1785,388
"CACACA",624,21
"CACACT",487,1
"CACACC",1302,65
"CACACG",1246,35
"CACAGA",282,14
"CACAGT",766,34
"CACAGC",1540,143
"CACAGG",290,6
"CACTAT",797,24
"CACTAC",1526,86
"CACTTA",218,5
"CACTTT",1144,61
"CACTTC",1598,60
"CACTTG",1198,20
"CACTCA",379,5
"CACTCT",309,1
"CACTCC",998,24
"CACTCG",1284,44
"CACTGT",366,10
"CACTGC",1044,82
"CACTGG",778,148
"CACCAA",711,6
"CACCAT",916,7
"CACCAC",1593,13
"CACCAG",2279,31
"CACCTA",368,3
"CACCTT",343,2
"CACCTC",531,5
"CACCTG",2087,15
"CACCCA",326,3
"CACCCT",100,1
"CACCCC",276,2
"CACCCG",423,5
"CACCGA",346,2
"CACCGT",265,5
"CACCGC",801,10
"CACCGG",360,1
"CACGAA",1008,22
"CACGAT",1421,61
"CACGAC",1505,58
"CACGAG",2402,180
"CACGTA",251,2
"CACGTT",443,2
"CACGTC",609,7
"CACGTG",1026,20
"CACGCA",319,8
"CACGCT",374,2
"CACGCC",1506,34
"CACGCG",374,6
"CACGGA",783,4
"CACGGT",461,6
"CACGGC",1198,21
"CACGGG",248,1
"CAGAAA",1521,42
"CAGAAT",2032,117
"CAGAAC",2692,116
"CAGAAG",4312,343
"CAGATA",942,33
"CAGATT",1525,35
"CAGATC",2550,117
"CAGATG",2540,239
"CAGACA",969,18
"CAGACT",775,14
"CAGACC",1716,55
"CAGACG",1943,43
"CAGAGA",594,4
"CAGAGT",990,21
"CAGAGC",2160,180
"CAGAGG",802,5
"CAGTAT",1159,61
"CAGTAC",2217,95
"CAGTTA",410,4
"CAGTTT",1501,38
"CAGTTC",2844,247
"CAGTTG",2584,20
"CAGTCA",606,5
"CAGTCT",462,5
"CAGTCC",1316,15
"CAGTCG",1872,49
"CAGTGT",534,16
"CAGTGC",1723,169
"CAGTGG",1146,172
"CAGCAA",4601,78
"CAGCAT",1961,123
"CAGCAC",2807,157
"CAGCAG",12290,670
"CAGCTA",1225,7
"CAGCTT",1078,4
"CAGCTC",1599,23
"CAGCTG",6201,217
"CAGCCA",1801,23
"CAGCCT",727,10
"CAGCCC",1838,61
"CAGCCG",2634,91
"CAGCGA",1598,11
"CAGCGT",1317,20
"CAGCGC",2857,129
"CAGCGG",1698,8
"CAGGAA",2453,67
"CAGGAT",3215,230
"CAGGAC",2833,212
"CAGGAG",6492,864
"CAGGTA",454,7
"CAGGTT",865,21
"CAGGTC",1085,41
"CAGGTG",3921,374
"CAGGCA",1492,17
"CAGGCT",1495,19
"CAGGCC",3117,179
"CAGGCG",3049,94
"CAGGGA",1465,10
"CAGGGT",1078,14
"CAGGGC",2225,208
"CAGGGG",297,1
"CTAAAA",718,6
"CTAAAT",943,7
"CTAAAC",1007,6
"CTAAAG",1856,7
"CTAATA",344,3
"CTAATT",570,22
"CTAATC",850,8
"CTAATG",1077,20
"CTAACA",391,4
"CTAACT",356,3
"CTAACC",834,4
"CTAACG",543,6
"CTAAGA",257,3
"CTAAGT",488,6
"CTAAGC",673,4
"CTAAGG",387,1
"CTATAT",358,1
"CTATAC",439,0
"CTATTA",141,3
"CTATTT",434,3
"CTATTC",689,10
"CTATTG",568,9
"CTATCA",256,6
"CTATCT",229,1
"CTATCC",787,3
"CTATCG",627,6
"CTATGT",142,1
"CTATGC",294,2
"CTATGG",269,7
"CTACAA",403,7
"CTACAT",231,1
"CTACAC",341,2
"CTACAG",904,6
"CTACTA",287,4
"CTACTT",376,3
"CTACTC",556,6
"CTACTG",1118,8
"CTACCA",401,4
"CTACCT",203,8
"CTACCC",558,2
"CTACCG",419,2
"CTACGA",283,1
"CTACGT",241,10
"CTACGC",472,4
"CTACGG",182,1
"CTAGAA",557,2
"CTAGAT",610,5
"CTAGAC",609,5
"CTAGAG",1050,5
"CTAGTA",148,2
"CTAGTT",261,5
"CTAGTC",359,35
"CTAGTG",662,4
"CTAGCA",237,4
"CTAGCT",366,4
"CTAGCC",736,1
"CTAGCG",334,6
"CTAGGA",242,1
"CTAGGT",174,2
"CTAGGC",374,3
"CTAGGG",64,0
"CTTAAA",705,4
"CTTAAT",729,10
"CTTAAC",898,4
"CTTAAG",1490,6
"CTTATA",366,11
"CTTATT",571,5
"CTTATC",682,8
"CTTATG",618,7
"CTTACA",253,3
"CTTACT",275,0
"CTTACC",673,1
"CTTACG",357,3
"CTTAGA",153,1
"CTTAGT",373,4
"CTTAGC",629,6
"CTTAGG",203,1
"CTTTAT",442,6
"CTTTAC",643,3
"CTTTTA",253,7
"CTTTTT",426,0
"CTTTTC",872,6
"CTTTTG",1040,14
"CTTTCA",281,2
"CTTTCT",299,2
"CTTTCC",792,8
"CTTTCG",720,5
"CTTTGT",211,0
"CTTTGC",537,6
"CTTTGG",396,5
"CTTCAA",654,5
"CTTCAT",415,1
"CTTCAC",513,3
"CTTCAG",1219,9
"CTTCTA",365,2
"CTTCTT",425,0
"CTTCTC",612,0
"CTTCTG",1410,1
"CTTCCA",435,18
"CTTCCT",250,3
"CTTCCC",618,3
"CTTCCG",495,8
"CTTCGA",329,2
"CTTCGT",320,1
"CTTCGC",671,2
"CTTCGG",248,2
"CTTGAA",481,10
"CTTGAT",510,5
"CTTGAC",472,3
"CTTGAG",808,10
"CTTGTA",170,2
"CTTGTT",305,2
"CTTGTC",379,5
"CTTGTG",659,7
"CTTGCA",233,0
"CTTGCT",308,3
"CTTGCC",648,4
"CTTGCG",236,0
"CTTGGA",493,1
"CTTGGT",401,7
"CTTGGC",817,7
"CTTGGG",140,2
"CTCAAA",1130,32
"CTCAAT",1553,39
"CTCAAC",2371,65
"CTCAAG",3659,144
"CTCATA",501,10
"CTCATT",958,26
"CTCATC",2200,78
"CTCATG",1028,47
"CTCACA",644,18
"CTCACT",559,7
"CTCACC",2006,40
"CTCACG",832,7
"CTCAGA",214,3
"CTCAGT",885,14
"CTCAGC",1768,62
"CTCAGG",319,3
"CTCTAT",847,26
"CTCTAC",1752,47
"CTCTTA",161,2
"CTCTTT",1126,21
"CTCTTC",2383,104
"CTCTTG",642,5
"CTCTCA",355,7
"CTCTCT",318,5
"CTCTCC",1466,20
"CTCTCG",909,12
"CTCTGT",344,11
"CTCTGC",1234,54
"CTCTGG",604,38
"CTCCAA",618,2
"CTCCAT",510,2
"CTCCAC",715,2
"CTCCAG",1675,11
"CTCCTA",321,2
"CTCCTT",453,1
"CTCCTC",865,0
"CTCCTG",1691,3
"CTCCCA",174,0
"CTCCCT",78,0
"CTCCCC",166,1
"CTCCCG",203,0
"CTCCGA",261,1
"CTCCGT",271,0
"CTCCGC",559,2
"CTCCGG",346,0
"CTCGAA",701,21
"CTCGAT",1058,29
"CTCGAC",1078,20
"CTCGAG",1562,36
"CTCGTA",212,0
"CTCGTT",370,2
"CTCGTC",791,5
"CTCGTG",622,4
"CTCGCA",198,3
"CTCGCT",270,1
"CTCGCC",913,8
"CTCGCG",182,1
"CTCGGA",433,2
"CTCGGT",382,3
"CTCGGC",949,8
"CTCGGG",136,0
"CTGAAA",1822,29
"CTGAAT",2077,21
"CTGAAC",2877,34
"CTGAAG",5063,166
"CTGATA",907,32
"CTGATT",1587,28
"CTGATC",3074,56
"CTGATG",3060,227
"CTGACA",753,16
"CTGACT",782,8
"CTGACC",2997,55
"CTGACG",1434,25
"CTGAGA",603,7
"CTGAGT",1120,12
"CTGAGC",2213,42
"CTGAGG",878,0
"CTGTAT",903,6
"CTGTAC",2169,31
"CTGTTA",276,4
"CTGTTT",1057,6
"CTGTTC",2258,60
"CTGTTG",1562,12
"CTGTCA",381,5
"CTGTCT",417,1
"CTGTCC",2179,24
"CTGTCG",1329,12
"CTGTGT",434,7
"CTGTGC",1854,58
"CTGTGG",1369,89
"CTGCAA",2397,24
"CTGCAT",1521,48
"CTGCAC",3081,116
"CTGCAG",7324,324
"CTGCTA",1145,4
"CTGCTT",1372,5
"CTGCTC",4075,58
"CTGCTG",7464,138
"CTGCCA",1795,37
"CTGCCT",865,4
"CTGCCC",4342,155
"CTGCCG",2635,34
"CTGCGA",1616,4
"CTGCGT",1699,15
"CTGCGC",3833,95
"CTGCGG",1379,6
"CTGGAA",3014,37
"CTGGAT",3329,55
"CTGGAC",5472,166
"CTGGAG",8699,471
"CTGGTA",703,3
"CTGGTT",1207,9
"CTGGTC",2806,61
"CTGGTG",4789,133
"CTGGCA",1379,12
"CTGGCT",1856,8
"CTGGCC",7036,230
"CTGGCG",2348,27
"CTGGGA",1985,8
"CTGGGT",1502,7
"CTGGGC",4617,147
"CTGGGG",434,4
"CCAAAA",748,25
"CCAAAT",1012,31
"CCAAAC",779,7
"CCAAAG",1429,78
"CCAATA",290,8
"CCAATT",605,19
"CCAATC",458,10
"CCAATG",743,15
"CCAACA",609,14
"CCAACT",583,6
"CCAACC",588,3
"CCAACG",830,8
"CCAAGA",255,6
"CCAAGT",539,10
"CCAAGC",485,10
"CCAAGG",325,6
"CCATAT",437,29
"CCATAC",422,6
"CCATTA",240,11
"CCATTT",552,14
"CCATTC",703,38
"CCATTG",894,12
"CCATCA",465,10
"CCATCT",491,4
"CCATCC",738,7
"CCATCG",1283,20
"CCATGT",199,3
"CCATGC",214,6
"CCATGG",253,14
"CCACAA",913,15
"CCACAT",622,16
"CCACAC",559,9
"CCACAG",1558,22
"CCACTA",408,1
"CCACTT",589,6
"CCACTC",494,8
"CCACTG",1869,13
"CCACCA",1769,24
"CCACCT",826,10
"CCACCC",1158,12
"CCACCG",1917,24
"CCACGA",377,2
"CCACGT",437,14
"CCACGC",664,18
"CCACGG",284,0
"CCAGAA",906,11
"CCAGAT",1000,24
"CCAGAC",560,6
"CCAGAG",1425,26
"CCAGTA",310,7
"CCAGTT",752,10
"CCAGTC",480,2
"CCAGTG",1427,20
"CCAGCA",900,12
"CCAGCT",1107,9
"CCAGCC",1204,17
"CCAGCG",979,12
"CCAGGA",892,4
"CCAGGT",538,9
"CCAGGC",611,11
"CCAGGG",145,1
"CCTAAA",257,4
"CCTAAT",297,6
"CCTAAC",201,1
"CCTAAG",379,4
"CCTATA",144,0
"CCTATT",316,0
"CCTATC",207,0
"CCTATG",282,2
"CCTACA",220,3
"CCTACT",224,1
"CCTACC",232,1
"CCTACG",270,2
"CCTAGA",93,1
"CCTAGT",224,8
"CCTAGC",276,4
"CCTAGG",98,1
"CCTTAT",245,11
"CCTTAC",288,3
"CCTTTA",199,1
"CCTTTT",330,3
"CCTTTC",378,4
"CCTTTG",677,3
"CCTTCA",311,0
"CCTTCT",233,1
"CCTTCC",376,3
"CCTTCG",583,2
"CCTTGT",136,4
"CCTTGC",233,4
"CCTTGG",244,5
"CCTCAA",435,3
"CCTCAT",271,1
"CCTCAC",255,1
"CCTCAG",674,7
"CCTCTA",233,0
"CCTCTT",235,1
"CCTCTC",225,0
"CCTCTG",881,1
"CCTCCA",747,4
"CCTCCT",494,3
"CCTCCC",449,1
"CCTCCG",827,0
"CCTCGA",223,0
"CCTCGT",234,2
"CCTCGC",352,3
"CCTCGG",154,1
"CCTGAA",462,11
"CCTGAT",440,7
"CCTGAC",282,6
"CCTGAG",601,6
"CCTGTA",234,5
"CCTGTT",475,6
"CCTGTC",339,3
"CCTGTG",761,8
"CCTGCA",465,5
"CCTGCT",654,4
"CCTGCC",881,13
"CCTGCG",444,5
"CCTGGA",749,3
"CCTGGT",589,3
"CCTGGC",886,9
"CCTGGG",166,2
"CCCAAA",1573,33
"CCCAAT",2117,87
"CCCAAC",2282,99
"CCCAAG",3954,296
"CCCATA",695,20
"CCCATT",1965,42
"CCCATC",2149,91
"CCCATG",1965,289
"CCCACA",1405,33
"CCCACT",1283,10
"CCCACC",2263,87
"CCCACG",1753,14
"CCCAGA",441,10
"CCCAGT",1477,23
"CCCAGC",2176,119
"CCCAGG",570,3
"CCCTAT",852,28
"CCCTAC",1333,54
"CCCTTA",148,3
"CCCTTT",855,12
"CCCTTC",1731,103
"CCCTTG",755,7
"CCCTCA",401,5
"CCCTCT",358,3
"CCCTCC",945,11
"CCCTCG",1287,19
"CCCTGT",318,2
"CCCTGC",837,70
"CCCTGG",636,106
"CCCCAA",704,6
"CCCCAT",484,6
"CCCCAC",646,2
"CCCCAG",1374,10
"CCCCTA",285,2
"CCCCTT",324,0
"CCCCTC",424,3
"CCCCTG",1306,1
"CCCCCA",370,1
"CCCCCT",149,1
"CCCCCC",244,2
"CCCCCG",363,6
"CCCCGA",252,1
"CCCCGT",274,6
"CCCCGC",485,7
"CCCCGG",241,1
"CCCGAA",1234,26
"CCCGAT",1649,61
"CCCGAC",1221,36
"CCCGAG",2231,79
"CCCGTA",361,0
"CCCGTT",791,2
"CCCGTC",905,15
"CCCGTG",1391,20
"CCCGCA",528,7
"CCCGCT",845,8
"CCCGCC",1926,54
"CCCGCG",400,2
"CCCGGA",975,10
"CCCGGT",709,9
"CCCGGC",1418,47
"CCCGGG",225,0
"CCGAAA",795,9
"CCGAAT",1017,17
"CCGAAC",815,5
"CCGAAG",1211,11
"CCGATA",236,6
"CCGATT",617,4
"CCGATC",592,7
"CCGATG",857,19
"CCGACA",380,6
"CCGACT",355,4
"CCGACC",509,5
"CCGACG",625,6
"CCGAGA",210,1
"CCGAGT",388,2
"CCGAGC",542,8
"CCGAGG",283,1
"CCGTAT",507,5
"CCGTAC",879,11
"CCGTTA",98,2
"CCGTTT",478,2
"CCGTTC",687,13
"CCGTTG",736,6
"CCGTCA",282,3
"CCGTCT",224,2
"CCGTCC",449,23
"CCGTCG",757,5
"CCGTGT",201,3
"CCGTGC",384,3
"CCGTGG",393,9
"CCGCAA",1105,17
"CCGCAT",873,23
"CCGCAC",1265,25
"CCGCAG",2694,59
"CCGCTA",444,1
"CCGCTT",522,5
"CCGCTC",976,13
"CCGCTG",2996,46
"CCGCCA",1929,28
"CCGCCT",812,7
"CCGCCC",2002,73
"CCGCCG",2630,51
"CCGCGA",535,3
"CCGCGT",542,7
"CCGCGC",1026,18
"CCGCGG",431,0
"CCGGAA",1795,41
"CCGGAT",1993,50
"CCGGAC",1618,54
"CCGGAG",3379,66
"CCGGTA",305,0
"CCGGTT",553,14
"CCGGTC",532,11
"CCGGTG",1708,43
"CCGGCA",888,6
"CCGGCT",949,0
"CCGGCC",1437,30
"CCGGCG",1432,25
"CCGGGA",900,3
"CCGGGT",676,7
"CCGGGC",1172,33
"CCGGGG",189,2
"CGAAAA",631,12
"CGAAAT",739,4
"CGAAAC",633,2
"CGAAAG",1411,5
"CGAATA",210,1
"CGAATT",385,6
"CGAATC",488,3
"CGAATG",735,9
"CGAACA",260,3
"CGAACT",315,2
"CGAACC",459,0
"CGAACG",462,2
"CGAAGA",317,5
"CGAAGT",312,2
"CGAAGC",360,1
"CGAAGG",397,1
"CGATAT",384,0
"CGATAC",445,0
"CGATTA",156,1
"CGATTT",534,4
"CGATTC",860,3
"CGATTG",884,1
"CGATCA",280,3
"CGATCT",324,4
"CGATCC",826,3
"CGATCG",713,2
"CGATGT",191,0
"CGATGC",326,2
"CGATGG",281,4
"CGACAA",444,11
"CGACAT",347,4
"CGACAC",453,4
"CGACAG",1097,14
"CGACTA",304,1
"CGACTT",332,0
"CGACTC",482,1
"CGACTG",1525,5
"CGACCA",507,10
"CGACCT",303,3
"CGACCC",759,7
"CGACCG",613,5
"CGACGA",440,3
"CGACGT",477,7
"CGACGC",912,10
"CGACGG",365,1
"CGAGAA",448,3
"CGAGAT",602,2
"CGAGAC",346,2
"CGAGAG",906,4
"CGAGTA",158,1
"CGAGTT",310,1
"CGAGTC",299,1
"CGAGTG",925,4
"CGAGCA",340,3
"CGAGCT",465,2
"CGAGCC",729,5
"CGAGCG",452,1
"CGAGGA",525,2
"CGAGGT",272,2
"CGAGGC",411,2
"CGAGGG",101,1
"CGTAAA",311,14
"CGTAAT",403,9
"CGTAAC",376,5
"CGTAAG",576,10
"CGTATA",162,4
"CGTATT",379,7
"CGTATC",371,8
"CGTATG",350,13
"CGTACA",149,2
"CGTACT",207,2
"CGTACC",341,7
"CGTACG",189,0
"CGTAGA",130,5
"CGTAGT",212,3
"CGTAGC",318,2
"CGTAGG",140,2
"CGTTAT",326,8
"CGTTAC",493,6
"CGTTTA",196,9
"CGTTTT",410,4
"CGTTTC",848,24
"CGTTTG",993,15
"CGTTCA",220,6
"CGTTCT",213,2
"CGTTCC",701,13
"CGTTCG",526,5
"CGTTGT",202,1
"CGTTGC",428,14
"CGTTGG",379,18
"CGTCAA",502,12
"CGTCAT",464,14
"CGTCAC",622,8
"CGTCAG",1194,25
"CGTCTA",349,8
"CGTCTT",365,2
"CGTCTC",535,4
"CGTCTG",1645,22
"CGTCCA",537,21
"CGTCCT",414,3
"CGTCCC",753,11
"CGTCCG",732,10
"CGTCGA",422,2
"CGTCGT",704,26
"CGTCGC",1397,38
"CGTCGG",389,0
"CGTGAA",531,12
"CGTGAT",674,40
"CGTGAC",555,24
"CGTGAG",1009,30
"CGTGTA",178,2
"CGTGTT",302,5
"CGTGTC",421,13
"CGTGTG",959,26
"CGTGCA",264,3
"CGTGCT",482,6
"CGTGCC",1122,40
"CGTGCG",286,5
"CGTGGA",637,3
"CGTGGT",582,15
"CGTGGC",1117,31
"CGTGGG",155,0
"CGCAAA",1424,51
"CGCAAT",1576,66
"CGCAAC",2348,124
"CGCAAG",4230,423
"CGCATA",618,28
"CGCATT",1495,50
"CGCATC",2537,193
"CGCATG",1741,371
"CGCACA",698,26
"CGCACT",761,10
"CGCACC",2153,148
"CGCACG",815,20
"CGCAGA",349,16
"CGCAGT",1016,21
"CGCAGC",1984,200
"CGCAGG",505,9
"CGCTAT",1005,26
"CGCTAC",1770,80
"CGCTTA",190,4
"CGCTTT",975,17
"CGCTTC",1804,83
"CGCTTG",936,16
"CGCTCA",321,1
"CGCTCT",371,2
"CGCTCC",1470,43
"CGCTCG",720,8
"CGCTGT",449,8
"CGCTGC",1271,100
"CGCTGG",878,178
"CGCCAA",896,8
"CGCCAT",621,9
"CGCCAC",1121,18
"CGCCAG",2725,61
"CGCCTA",429,1
"CGCCTT",544,0
"CGCCTC",911,12
"CGCCTG",2588,26
"CGCCCA",326,6
"CGCCCT",140,2
"CGCCCC",348,8
"CGCCCG",352,4
"CGCCGA",422,1
"CGCCGT",485,2
"CGCCGC",1159,13
"CGCCGG",547,1
"CGCGAA",1299,29
"CGCGAT",1545,51
"CGCGAC",1524,41
"CGCGAG",2758,94
"CGCGTA",279,1
"CGCGTT",603,8
"CGCGTC",958,31
"CGCGTG",1137,21
"CGCGCA",223,3
"CGCGCT",378,3
"CGCGCC",1338,46
"CGCGCG",162,2
"CGCGGA",765,4
"CGCGGT",662,13
"CGCGGC",1466,58
"CGCGGG",167,2
"CGGAAA",580,8
"CGGAAT",753,2
"CGGAAC",705,0
"CGGAAG",988,5
"CGGATA",295,5
"CGGATT",463,2
"CGGATC",559,1
"CGGATG",706,7
"CGGACA",200,0
"CGGACT",194,0
"CGGACC",283,2
"CGGACG",320,0
"CGGAGA",211,1
"CGGAGT",331,1
"CGGAGC",431,1
"CGGAGG",237,0
"CGGTAT",303,0
"CGGTAC",483,5
"CGGTTA",93,3
"CGGTTT",309,4
"CGGTTC",479,2
"CGGTTG",367,0
"CGGTCA",127,0
"CGGTCT",130,0
"CGGTCC",291,0
"CGGTCG",280,2
"CGGTGT",138,2
"CGGTGC",270,2
"CGGTGG",169,3
"CGGCAA",553,6
"CGGCAT",428,6
"CGGCAC",723,5
"CGGCAG",1379,5
"CGGCTA",315,1
"CGGCTT",221,2
"CGGCTC",391,3
"CGGCTG",1352,3
"CGGCCA",407,7
"CGGCCT",130,2
"CGGCCC",434,0
"CGGCCG",451,6
"CGGCGA",545,3
"CGGCGT",373,2
"CGGCGC",853,5
"CGGCGG",565,1
"CGGGAA",1112,8
"CGGGAT",1397,9
"CGGGAC",1037,7
"CGGGAG",2050,8
"CGGGTA",183,1
"CGGGTT",297,2
"CGGGTC",382,3
"CGGGTG",1029,3
"CGGGCA",475,3
"CGGGCT",394,2
"CGGGCC",906,4
"CGGGCG",665,3
"CGGGGA",353,0
"CGGGGT",239,0
"CGGGGC",480,1
"CGGGGG",74,1
"GAAAAA",1367,36
"GAAAAT",1504,43
"GAAAAC",1900,14
"GAAAAG",3577,95
"GAAATA",949,42
"GAAATT",1146,42
"GAAATC",1903,68
"GAAATG",2208,301
"GAAACA",898,21
"GAAACT",902,11
"GAAACC",1524,17
"GAAACG",1594,38
"GAAAGA",557,16
"GAAAGT",940,14
"GAAAGC",1194,19
"GAAAGG",712,3
"GAATAT",709,30
"GAATAC",1123,41
"GAATTA",314,13
"GAATTT",780,41
"GAATTC",1346,40
"GAATTG",1348,34
"GAATCA",632,14
"GAATCT",743,34
"GAATCC",1515,13
"GAATCG",1456,32
"GAATGT",360,17
"GAATGC",778,37
"GAATGG",705,102
"GAACAA",958,31
"GAACAT",506,12
"GAACAC",812,5
"GAACAG",2458,39
"GAACTA",893,6
"GAACTT",918,10
"GAACTC",1031,11
"GAACTG",3884,39
"GAACCA",910,18
"GAACCT",458,1
"GAACCC",1100,15
"GAACCG",1123,16
"GAACGA",708,3
"GAACGT",721,16
"GAACGC",1369,20
"GAACGG",801,5
"GAAGAA",1558,33
"GAAGAT",1904,42
"GAAGAC",1352,28
"GAAGAG",2801,39
"GAAGTA",497,15
"GAAGTT",859,12
"GAAGTC",791,13
"GAAGTG",2042,42
"GAAGCA",840,11
"GAAGCT",1114,9
"GAAGCC",1699,28
"GAAGCG",1030,14
"GAAGGA",873,4
"GAAGGT",658,19
"GAAGGC",990,15
"GAAGGG",208,3
"GATAAA",986,55
"GATAAT",1351,75
"GATAAC",1318,26
"GATAAG",1956,77
"GATATA",1033,39
"GATATT",1377,57
"GATATC",1490,27
"GATATG",1500,113
"GATACA",555,12
"GATACT",492,7
"GATACC",1077,16
"GATACG",1095,20
"GATAGA",298,14
"GATAGT",617,11
"GATAGC",1182,30
"GATAGG",328,3
"GATTAT",815,37
"GATTAC",1326,37
"GATTTA",550,20
"GATTTT",1104,49
"GATTTC",1709,74
"GATTTG",2174,78
"GATTCA",641,12
"GATTCT",529,10
"GATTCC",1543,24
"GATTCG",1275,28
"GATTGT",437,16
"GATTGC",1119,40
"GATTGG",883,102
"GATCAA",1176,60
"GATCAT",955,68
"GATCAC",1585,65
"GATCAG",3083,233
"GATCTA",965,16
"GATCTT",1193,15
"GATCTC",1867,152
"GATCTG",4774,146
"GATCCA",1188,27
"GATCCT",963,10
"GATCCC",2919,212
"GATCCG",2055,93
"GATCGA",854,13
"GATCGT",1099,40
"GATCGC",2408,141
"GATCGG",998,9
"GATGAA",2460,56
"GATGAT",3317,153
"GATGAC",3078,69
"GATGAG",5067,275
"GATGTA",795,8
"GATGTT",1299,38
"GATGTC",1786,67
"GATGTG",4392,302
"GATGCA",1497,26
"GATGCT",1444,29
"GATGCC",4252,251
"GATGCG",1968,48
"GATGGA",1820,25
"GATGGT",1377,18
"GATGGC",3512,229
"GATGGG",676,4
"GACAAA",1614,66
"GACAAT",2021,137
"GACAAC",3221,167
"GACAAG",4902,531
"GACATA",1132,25
"GACATT",2139,74
"GACATC",3215,93
"GACATG",2602,365
"GACACA",983,18
"GACACT",786,5
"GACACC",2315,66
"GACACG",1446,29
"GACAGA",398,18
"GACAGT",1016,22
"GACAGC",2259,145
"GACAGG",563,11
"GACTAT",1426,74
"GACTAC",2857,142
"GACTTA",348,7
"GACTTT",2465,163
"GACTTC",2734,67
"GACTTG",1521,25
"GACTCA",597,4
"GACTCT",631,2
"GACTCC",1947,41
"GACTCG",1620,38
"GACTGT",525,11
"GACTGC",1469,82
"GACTGG",1303,225
"GACCAA",825,16
"GACCAT",515,6
"GACCAC",949,11
"GACCAG",2126,37
"GACCTA",525,2
"GACCTT",547,10
"GACCTC",893,10
"GACCTG",2335,15
"GACCCA",333,4
"GACCCT",176,2
"GACCCC",518,4
"GACCCG",443,6
"GACCGA",375,1
"GACCGT",365,3
"GACCGC",894,5
"GACCGG",466,1
"GACGAA",2183,32
"GACGAT",3237,84
"GACGAC",3584,49
"GACGAG",5507,166
"GACGTA",407,8
"GACGTT",660,7
"GACGTC",882,9
"GACGTG",1818,16
"GACGCA",592,5
"GACGCT",561,4
"GACGCC",1968,13
"GACGCG",608,2
"GACGGA",948,7
"GACGGT",666,10
"GACGGC",1613,16
"GACGGG",350,3
"GAGAAA",2297,105
"GAGAAT",2453,148
"GAGAAC",4335,356
"GAGAAG",7272,909
"GAGATA",1140,42
"GAGATT",2362,70
"GAGATC",4190,213
"GAGATG",3138,468
"GAGACA",1014,26
"GAGACT",934,27
"GAGACC",2354,80
"GAGACG",2147,85
"GAGAGA",553,7
"GAGAGT",1114,32
"GAGAGC",2632,229
"GAGAGG",749,1
"GAGTAT",1316,61
"GAGTAC",3184,160
"GAGTTA",415,2
"GAGTTT",1861,72
"GAGTTC",3907,357
"GAGTTG",1973,19
"GAGTCA",709,14
"GAGTCT",650,4
"GAGTCC",2218,54
"GAGTCG",1763,34
"GAGTGT",639,13
"GAGTGC",2227,282
"GAGTGG",1340,214
"GAGCAA",2286,36
"GAGCAT",1432,82
"GAGCAC",3201,239
"GAGCAG",6851,541
"GAGCTA",1497,11
"GAGCTT",1157,11
"GAGCTC",2006,42
"GAGCTG",7587,363
"GAGCCA",1540,27
"GAGCCT",615,1
"GAGCCC",1953,69
"GAGCCG",1982,64
"GAGCGA",1738,7
"GAGCGT",1484,41
"GAGCGC",3069,119
"GAGCGG",1979,10
"GAGGAA",4068,92
"GAGGAT",5698,477
"GAGGAC",5048,216
"GAGGAG",12456,1674
"GAGGTA",765,7
"GAGGTT",1217,12
"GAGGTC",1781,64
"GAGGTG",4895,348
"GAGGCA",2026,24
"GAGGCT",1905,31
"GAGGCC",4123,217
"GAGGCG",3471,115
"GAGGGA",1590,19
"GAGGGT",1524,52
"GAGGGC",3490,326
"GAGGGG",446,4
"GTAAAA",430,3
"GTAAAT",585,7
"GTAAAC",675,5
"GTAAAG",1015,8
"GTAATA",239,5
"GTAATT",380,8
"GTAATC",573,8
"GTAATG",698,12
"GTAACA",271,6
"GTAACT",294,8
"GTAACC",589,9
"GTAACG",371,1
"GTAAGA",147,3
"GTAAGT",151,2
"GTAAGC",353,2
"GTAAGG",175,0
"GTATAT",210,2
"GTATAC",324,7
"GTATTA",126,24
"GTATTT",405,12
"GTATTC",600,16
"GTATTG",289,5
"GTATCA",204,6
"GTATCT",216,4
"GTATCC",664,7
"GTATCG",474,5
"GTATGT",93,0
"GTATGC",223,4
"GTATGG",174,1
"GTACAA",326,21
"GTACAT",201,7
"GTACAC",268,7
"GTACAG",565,9
"GTACTA",198,4
"GTACTT",238,8
"GTACTC",404,2
"GTACTG",677,4
"GTACCA",297,6
"GTACCT",185,10
"GTACCC",465,3
"GTACCG",342,4
"GTACGA",178,1
"GTACGT",158,4
"GTACGC",363,2
"GTACGG",135,0
"GTAGAA",429,8
"GTAGAT",508,7
"GTAGAC",461,2
"GTAGAG",782,4
"GTAGTA",131,2
"GTAGTT",257,5
"GTAGTC",345,2
"GTAGTG",569,2
"GTAGCA",299,5
"GTAGCT",373,6
"GTAGCC",709,7
"GTAGCG",239,1
"GTAGGA",209,3
"GTAGGT",154,4
"GTAGGC",326,2
"GTAGGG",42,0
"GTTAAA",556,13
"GTTAAT",606,9
"GTTAAC",780,6
"GTTAAG",1278,18
"GTTATA",394,20
"GTTATT",572,16
"GTTATC",707,5
"GTTATG",527,17
"GTTACA",274,5
"GTTACT",334,4
"GTTACC",717,5
"GTTACG",396,3
"GTTAGA",139,2
"GTTAGT",349,10
"GTTAGC",610,7
"GTTAGG",201,2
"GTTTAT",465,11
"GTTTAC",857,19
"GTTTTA",290,11
"GTTTTT",543,10
"GTTTTC",1010,17
"GTTTTG",1029,16
"GTTTCA",362,7
"GTTTCT",343,2
"GTTTCC",1132,11
"GTTTCG",706,6
"GTTTGT",300,4
"GTTTGC",722,11
"GTTTGG",561,23
"GTTCAA",612,6
"GTTCAT",402,7
"GTTCAC",596,6
"GTTCAG",1241,13
"GTTCTA",321,0
"GTTCTT",426,1
"GTTCTC",747,1
"GTTCTG",1375,3
"GTTCCA",685,13
"GTTCCT",479,28
"GTTCCC",931,6
"GTTCCG",684,2
"GTTCGA",325,3
"GTTCGT",374,7
"GTTCGC",738,5
"GTTCGG",234,2
"GTTGAA",586,16
"GTTGAT",721,25
"GTTGAC",640,11
"GTTGAG",1180,20
"GTTGTA",279,8
"GTTGTT",468,10
"GTTGTC",683,11
"GTTGTG",1093,35
"GTTGCA",410,8
"GTTGCT",522,11
"GTTGCC",1015,29
"GTTGCG",326,4
"GTTGGA",617,7
"GTTGGT",587,8
"GTTGGC",1182,15
"GTTGGG",185,2
"GTCAAA",932,30
"GTCAAT",1347,51
"GTCAAC",1998,76
"GTCAAG",3067,170
"GTCATA",507,18
"GTCATT",1019,23
"GTCATC",1960,90
"GTCATG",988,96
"GTCACA",636,17
"GTCACT",570,3
"GTCACC",2025,57
"GTCACG",718,9
"GTCAGA",204,5
"GTCAGT",670,9
"GTCAGC",1470,67
"GTCAGG",296,2
"GTCTAT",841,33
"GTCTAC",1810,59
"GTCTTA",143,3
"GTCTTT",1044,32
"GTCTTC",1774,81
"GTCTTG",569,7
"GTCTCA",273,5
"GTCTCT",310,3
"GTCTCC",1186,27
"GTCTCG",659,14
"GTCTGT",312,5
"GTCTGC",1046,49
"GTCTGG",512,43
"GTCCAA",613,3
"GTCCAT",550,5
"GTCCAC",824,5
"GTCCAG",1822,12
"GTCCTA",347,0
"GTCCTT",539,4
"GTCCTC",766,2
"GTCCTG",2065,13
"GTCCCA",208,0
"GTCCCT",100,2
"GTCCCC",197,0
"GTCCCG",173,0
"GTCCGA",219,0
"GTCCGT",305,2
"GTCCGC",535,1
"GTCCGG",281,2
"GTCGAA",630,14
"GTCGAT",1057,26
"GTCGAC",993,13
"GTCGAG",1643,42
"GTCGTA",185,2
"GTCGTT",436,7
"GTCGTC",772,10
"GTCGTG",718,2
"GTCGCA",232,4
"GTCGCT",356,5
"GTCGCC",902,13
"GTCGCG",153,0
"GTCGGA",419,3
"GTCGGT",481,8
"GTCGGC",828,11
"GTCGGG",130,1
"GTGAAA",1061,35
"GTGAAT",1340,47
"GTGAAC",1811,46
"GTGAAG",2901,124
"GTGATA",765,81
"GTGATT",1228,54
"GTGATC",2331,46
"GTGATG",2155,237
"GTGACA",623,21
"GTGACT",612,6
"GTGACC",2321,82
"GTGACG",1069,34
"GTGAGA",297,4
"GTGAGT",493,13
"GTGAGC",1245,46
"GTGAGG",517,0
"GTGTAT",493,5
"GTGTAC",1302,21
"GTGTTA",182,4
"GTGTTT",843,16
"GTGTTC",1728,66
"GTGTTG",786,12
"GTGTCA",291,6
"GTGTCT",391,4
"GTGTCC",1880,29
"GTGTCG",844,28
"GTGTGT",362,10
"GTGTGC",1384,87
"GTGTGG",970,96
"GTGCAA",1246,57
"GTGCAT",803,48
"GTGCAC",1719,96
"GTGCAG",3215,198
"GTGCTA",782,6
"GTGCTT",883,8
"GTGCTC",2447,70
"GTGCTG",4326,134
"GTGCCA",1400,71
"GTGCCT",696,23
"GTGCCC",2907,197
"GTGCCG",1720,44
"GTGCGA",1071,16
"GTGCGT",1060,42
"GTGCGC",2406,118
"GTGCGG",971,6
"GTGGAA",2224,23
"GTGGAT",3167,97
"GTGGAC",4118,199
"GTGGAG",6354,425
"GTGGTA",667,2
"GTGGTT",1282,9
"GTGGTC",2459,70
"GTGGTG",4202,157
"GTGGCA",1388,13
"GTGGCT",1932,10
"GTGGCC",6184,401
"GTGGCG",1666,25
"GTGGGA",1334,7
"GTGGGT",1652,12
"GTGGGC",3934,232
"GTGGGG",311,1
"GCAAAA",549,10
"GCAAAT",829,21
"GCAAAC",676,6
"GCAAAG",1171,10
"GCAATA",276,14
"GCAATT",522,17
"GCAATC",506,11
"GCAATG",799,19
"GCAACA",933,21
"GCAACT",566,3
"GCAACC",661,5
"GCAACG",670,11
"GCAAGA",188,3
"GCAAGT",399,5
"GCAAGC",465,1
"GCAAGG",227,2
"GCATAT",339,14
"GCATAC",428,7
"GCATTA",219,9
"GCATTT",632,42
"GCATTC",776,36
"GCATTG",923,18
"GCATCA",454,9
"GCATCT",539,3
"GCATCC",1188,9
"GCATCG",903,14
"GCATGT",167,2
"GCATGC",243,4
"GCATGG",229,6
"GCACAA",622,35
"GCACAT",404,6
"GCACAC",446,4
"GCACAG",1203,22
"GCACTA",347,2
"GCACTT",467,4
"GCACTC",561,9
"GCACTG",1717,9
"GCACCA",989,10
"GCACCT",561,3
"GCACCC",1083,8
"GCACCG",886,2
"GCACGA",295,0
"GCACGT",333,9
"GCACGC",620,14
"GCACGG",267,0
"GCAGAA",827,4
"GCAGAT",1100,13
"GCAGAC",683,4
"GCAGAG",1497,9
"GCAGTA",309,3
"GCAGTT",630,2
"GCAGTC",476,2
"GCAGTG",1397,12
"GCAGCA",1966,8
"GCAGCT",1684,12
"GCAGCC",2200,9
"GCAGCG",1344,6
"GCAGGA",1014,3
"GCAGGT",511,13
"GCAGGC",617,9
"GCAGGG",193,1
"GCTAAA",448,11
"GCTAAT",596,20
"GCTAAC",528,6
"GCTAAG",883,6
"GCTATA",321,2
"GCTATT",673,10
"GCTATC",501,0
"GCTATG",551,9
"GCTACA",358,3
"GCTACT",386,3
"GCTACC",592,0
"GCTACG",377,1
"GCTAGA",201,5
"GCTAGT",440,11
"GCTAGC",599,4
"GCTAGG",225,1
"GCTTAT",365,7
"GCTTAC",471,4
"GCTTTA",363,18
"GCTTTT",553,5
"GCTTTC",710,12
"GCTTTG",1331,11
"GCTTCA",441,4
"GCTTCT",479,2
"GCTTCC",937,10
"GCTTCG",622,5
"GCTTGT",226,1
"GCTTGC",384,4
"GCTTGG",354,6
"GCTCAA",799,23
"GCTCAT",474,6
"GCTCAC",546,3
"GCTCAG",1380,14
"GCTCTA",599,3
"GCTCTT",604,2
"GCTCTC",753,3
"GCTCTG",2334,5
"GCTCCA",1262,4
"GCTCCT",992,1
"GCTCCC",1255,4
"GCTCCG",1175,3
"GCTCGA",423,0
"GCTCGT",520,3
"GCTCGC",870,4
"GCTCGG",260,0
"GCTGAA",961,25
"GCTGAT",1119,30
"GCTGAC",725,8
"GCTGAG",1603,29
"GCTGTA",422,5
"GCTGTT",798,7
"GCTGTC",822,12
"GCTGTG",1650,28
"GCTGCA",1250,15
"GCTGCT",1815,17
"GCTGCC",2912,51
"GCTGCG",931,3
"GCTGGA",1435,14
"GCTGGT",1124,26
"GCTGGC",1939,38
"GCTGGG",377,1
"GCCAAA",2629,123
"GCCAAT",3370,190
"GCCAAC",3939,198
"GCCAAG",7628,820
"GCCATA",1206,81
"GCCATT",3054,98
"GCCATC",3925,186
"GCCATG",3526,740
"GCCACA",1738,33
"GCCACT",1807,5
"GCCACC",4734,179
"GCCACG",2205,44
"GCCAGA",748,9
"GCCAGT",2246,44
"GCCAGC",3752,242
"GCCAGG",1158,7
"GCCTAT",1481,57
"GCCTAC",2516,153
"GCCTTA",372,12
"GCCTTT",1754,39
"GCCTTC",2993,202
"GCCTTG",1628,18
"GCCTCA",697,9
"GCCTCT",675,3
"GCCTCC",2580,48
"GCCTCG",1611,34
"GCCTGT",816,25
"GCCTGC",1845,187
"GCCTGG",1324,319
"GCCCAA",1489,10
"GCCCAT",1162,19
"GCCCAC",1764,33
"GCCCAG",3971,143
"GCCCTA",673,2
"GCCCTT",805,1
"GCCCTC",1483,9
"GCCCTG",3634,21
"GCCCCA",568,1
"GCCCCT",280,1
"GCCCCC",645,3
"GCCCCG",499,0
"GCCCGA",497,0
"GCCCGT",683,11
"GCCCGC",1493,25
"GCCCGG",552,0
"GCCGAA",2007,43
"GCCGAT",2577,143
"GCCGAC",2009,50
"GCCGAG",4479,230
"GCCGTA",603,3
"GCCGTT",1148,9
"GCCGTC",1514,30
"GCCGTG",2310,20
"GCCGCA",1188,6
"GCCGCT",1618,12
"GCCGCC",4509,103
"GCCGCG",600,6
"GCCGGA",1788,15
"GCCGGT",1190,16
"GCCGGC",2442,54
"GCCGGG",452,3
"GCGAAA",639,22
"GCGAAT",880,15
"GCGAAC",785,1
"GCGAAG",989,7
"GCGATA",279,11
"GCGATT",548,9
"GCGATC",674,9
"GCGATG",928,14
"GCGACA",408,3
"GCGACT",304,4
"GCGACC",568,6
"GCGACG",595,9
"GCGAGA",241,2
"GCGAGT",353,6
"GCGAGC",504,8
"GCGAGG",261,1
"GCGTAT",322,5
"GCGTAC",522,7
"GCGTTA",164,8
"GCGTTT",360,5
"GCGTTC",441,6
"GCGTTG",661,10
"GCGTCA",185,4
"GCGTCT",200,3
"GCGTCC",641,9
"GCGTCG",463,2
"GCGTGT",176,2
"GCGTGC",324,6
"GCGTGG",310,20
"GCGCAA",697,13
"GCGCAT",430,12
"GCGCAC",770,18
"GCGCAG",1622,24
"GCGCTA",377,5
"GCGCTT",405,5
"GCGCTC",815,18
"GCGCTG",2018,33
"GCGCCA",860,13
"GCGCCT",431,2
"GCGCCC",1347,36
"GCGCCG",1013,17
"GCGCGA",359,4
"GCGCGT",390,8
"GCGCGC",709,13
"GCGCGG",342,0
"GCGGAA",1603,25
"GCGGAT",2210,39
"GCGGAC",1868,23
"GCGGAG",3428,44
"GCGGTA",392,3
"GCGGTT",625,5
"GCGGTC",728,5
"GCGGTG",2040,21
"GCGGCA",1575,11
"GCGGCT",1257,13
"GCGGCC",2706,48
"GCGGCG",1797,18
"GCGGGA",1010,4
"GCGGGT",726,7
"GCGGGC",1530,35
"GCGGGG",260,2
"GGAAAA",1012,10
"GGAAAT",1313,18
"GGAAAC",1313,7
"GGAAAG",1726,11
"GGAATA",509,6
"GGAATT",772,10
"GGAATC",1117,5
"GGAATG",1280,12
"GGAACA",638,5
"GGAACT",760,3
"GGAACC",1097,3
"GGAACG",747,4
"GGAAGA",386,4
"GGAAGT",755,9
"GGAAGC",899,3
"GGAAGG",334,2
"GGATAT",673,17
"GGATAC",828,3
"GGATTA",362,8
"GGATTT",930,16
"GGATTC",1843,15
"GGATTG",1339,5
"GGATCA",696,6
"GGATCT",777,8
"GGATCC",1621,0
"GGATCG",1396,2
"GGATGT",293,2
"GGATGC",615,3
"GGATGG",498,3
"GGACAA",720,19
"GGACAT",624,9
"GGACAC",940,20
"GGACAG",1441,19
"GGACTA",428,1
"GGACTT",557,2
"GGACTC",915,8
"GGACTG",1954,17
"GGACCA",847,12
"GGACCT",527,4
"GGACCC",1355,19
"GGACCG",822,10
"GGACGA",581,8
"GGACGT",564,11
"GGACGC",1308,54
"GGACGG",372,2
"GGAGAA",861,9
"GGAGAT",1263,7
"GGAGAC",740,5
"GGAGAG",1257,4
"GGAGTA",501,2
"GGAGTT",845,5
"GGAGTC",769,1
"GGAGTG",1706,2
"GGAGCA",1614,3
"GGAGCT",1518,4
"GGAGCC",2225,11
"GGAGCG",1041,0
"GGAGGA",1945,6
"GGAGGT",879,3
"GGAGGC",1449,4
"GGAGGG",232,2
"GGTAAA",459,15
"GGTAAT",574,15
"GGTAAC",593,9
"GGTAAG",455,15
"GGTATA",235,4
"GGTATT",547,13
"GGTATC",565,11
"GGTATG",391,11
"GGTACA",258,13
"GGTACT",294,4
"GGTACC",445,6
"GGTACG",256,3
"GGTAGA",150,1
"GGTAGT",400,10
"GGTAGC",666,5
"GGTAGG",110,1
"GGTTAT",478,10
"GGTTAC",691,15
"GGTTTA",169,9
"GGTTTT",426,6
"GGTTTC",969,36
"GGTTTG",631,10
"GGTTCA",349,7
"GGTTCT",331,5
"GGTTCC",996,13
"GGTTCG",612,11
"GGTTGT",260,7
"GGTTGC",458,7
"GGTTGG",413,11
"GGTCAA",672,10
"GGTCAT",660,9
"GGTCAC",1068,15
"GGTCAG",1697,16
"GGTCTA",409,6
"GGTCTT",536,8
"GGTCTC",743,14
"GGTCTG",2035,22
"GGTCCA",633,10
"GGTCCT",537,5
"GGTCCC",884,6
"GGTCCG",671,2
"GGTCGA",374,1
"GGTCGT",697,17
"GGTCGC",1287,32
"GGTCGG",331,1
"GGTGAA",916,25
"GGTGAT",1148,33
"GGTGAC",1097,15
"GGTGAG",1207,26
"GGTGTA",329,5
"GGTGTT",649,7
"GGTGTC",794,15
"GGTGTG",1277,17
"GGTGCA",623,12
"GGTGCT",938,22
"GGTGCC",1681,29
"GGTGCG",493,5
"GGTGGA",1691,7
"GGTGGT",1706,20
"GGTGGC",2757,51
"GGTGGG",431,1
"GGCAAA",1853,85
"GGCAAT",2494,133
"GGCAAC",3282,187
"GGCAAG",4891,597
"GGCATA",878,26
"GGCATT",2206,98
"GGCATC",3122,195
"GGCATG",2349,693
"GGCACA",1056,29
"GGCACT",1208,16
"GGCACC",2743,153
"GGCACG",981,17
"GGCAGA",534,8
"GGCAGT",1964,39
"GGCAGC",3616,364
"GGCAGG",768,10
"GGCTAT",1655,84
"GGCTAC",2483,159
"GGCTTA",295,3
"GGCTTT",1214,32
"GGCTTC",2217,149
"GGCTTG",1180,8
"GGCTCA",582,11
"GGCTCT",523,1
"GGCTCC",1878,60
"GGCTCG",847,5
"GGCTGT",612,22
"GGCTGC",1274,126
"GGCTGG",1148,332
"GGCCAA",980,11
"GGCCAT",742,14
"GGCCAC",1232,25
"GGCCAG",2489,81
"GGCCTA",483,5
"GGCCTT",519,4
"GGCCTC",846,10
"GGCCTG",2295,22
"GGCCCA",321,2
"GGCCCT",134,0
"GGCCCC",363,6
"GGCCCG",243,1
"GGCCGA",290,1
"GGCCGT",376,5
"GGCCGC",723,8
"GGCCGG",338,2
"GGCGAA",1783,34
"GGCGAT",2764,133
"GGCGAC",2476,76
"GGCGAG",4027,216
"GGCGTA",539,3
"GGCGTT",1147,18
"GGCGTC",1470,38
"GGCGTG",2050,43
"GGCGCA",625,4
"GGCGCT",802,12
"GGCGCC",2321,73
"GGCGCG",330,1
"GGCGGA",2433,14
"GGCGGT",2000,20
"GGCGGC",3592,121
"GGCGGG",590,2
"GGGAAA",336,5
"GGGAAT",398,1
"GGGAAC",391,1
"GGGAAG",410,2
"GGGATA",127,1
"GGGATT",280,4
"GGGATC",329,0
"GGGATG",301,4
"GGGACA",161,0
"GGGACT",118,2
"GGGACC",166,2
"GGGACG",151,1
"GGGAGA",54,2
"GGGAGT",166,1
"GGGAGC",353,2
"GGGAGG",59,2
"GGGTAT",147,0
"GGGTAC",209,4
"GGGTTA",55,1
"GGGTTT",148,3
"GGGTTC",268,6
"GGGTTG",165,0
"GGGTCA",144,1
"GGGTCT",117,1
"GGGTCC",224,1
"GGGTCG",194,1
"GGGTGT",64,1
"GGGTGC",113,0
"GGGTGG",76,0
"GGGCAA",342,1
"GGGCAT",263,6
"GGGCAC",384,1
"GGGCAG",627,3
"GGGCTA",162,0
"GGGCTT",147,2
"GGGCTC",240,0
"GGGCTG",621,1
"GGGCCA",290,0
"GGGCCT",93,1
"GGGCCC",271,5
"GGGCCG",271,1
"GGGCGA",202,0
"GGGCGT",233,6
"GGGCGC",340,4
"GGGCGG",180,0
"GGGGAA",451,1
"GGGGAT",732,12
"GGGGAC",544,1
"GGGGAG",866,0
"GGGGTA",104,0
"GGGGTT",133,2
"GGGGTC",235,3
"GGGGTG",377,3
"GGGGCA",290,0
"GGGGCT",254,3
"GGGGCC",464,5
"GGGGCG",317,2
"GGGGGA",283,1
"GGGGGT",153,0
"GGGGGC",451,1
"GGGGGG",44,2
